{
	"__comment": "Designed by Miolith with Cubik Studio - https://cubik.studio",
	"textures": {
		"voxels_atlas": "custom/door_right"
	},
	"elements": [ 	 
		{
			"__comment": "Voxels",
			"from": [ 8, 11, 6.5 ],
			"to": [ 23, 11.5, 8.5 ],
			"faces": {
				"down": { "uv": [ 0, 8, 7.5, 9 ], "texture": "#voxels_atlas" },
				"up": { "uv": [ 0, 8, 7.5, 7 ], "texture": "#voxels_atlas" },
				"north": { "uv": [ 7.5, 1.5, 0, 1.75 ], "texture": "#voxels_atlas" },
				"south": { "uv": [ 0, 1.75, 7.5, 2 ], "texture": "#voxels_atlas" },
				"west": { "uv": [ 6.25, 3.75, 7.25, 4 ], "texture": "#voxels_atlas" },
				"east": { "uv": [ 7.5, 4.75, 6.5, 5 ], "texture": "#voxels_atlas" }
			}
		},
		{
			"__comment": "Voxels",
			"from": [ 8, 11.5, 6.5 ],
			"to": [ 8.5, 16.5, 8.5 ],
			"faces": {
				"down": { "uv": [ 15, 9, 15.25, 10 ], "texture": "#voxels_atlas" },
				"up": { "uv": [ 15.75, 10, 16, 9 ], "texture": "#voxels_atlas" },
				"north": { "uv": [ 7.75, 1.75, 7.5, 4.25 ], "texture": "#voxels_atlas" },
				"south": { "uv": [ 7.75, 1.75, 8, 4.25 ], "texture": "#voxels_atlas" },
				"west": { "uv": [ 15, 13.5, 16, 16 ], "texture": "#voxels_atlas" },
				"east": { "uv": [ 15, 13.5, 14, 16 ], "texture": "#voxels_atlas" }
			}
		},
		{
			"__comment": "Voxels",
			"from": [ 8.5, 10.5, 6.5 ],
			"to": [ 9.5, 11, 8.5 ],
			"faces": {
				"down": { "uv": [ 14.5, 10.25, 15, 11.25 ], "texture": "#voxels_atlas" },
				"up": { "uv": [ 15, 11.25, 15.5, 10.25 ], "texture": "#voxels_atlas" },
				"north": { "uv": [ 6.5, 2.5, 6, 2.75 ], "texture": "#voxels_atlas" },
				"south": { "uv": [ 6.75, 5, 7.25, 5.25 ], "texture": "#voxels_atlas" },
				"west": { "uv": [ 6.25, 3, 7.25, 3.25 ], "texture": "#voxels_atlas" },
				"east": { "uv": [ 7.25, 3.25, 6.25, 3.5 ], "texture": "#voxels_atlas" }
			}
		},
		{
			"__comment": "Voxels",
			"from": [ 8.5, 11.5, 7 ],
			"to": [ 23, 16, 8 ],
			"faces": {
				"down": { "uv": [ 0, 6.5, 7.25, 7 ], "texture": "#voxels_atlas" },
				"up": { "uv": [ 0, 6.5, 7.25, 6 ], "texture": "#voxels_atlas" },
				"north": { "uv": [ 14.5, 9, 7.25, 11.25 ], "texture": "#voxels_atlas" },
				"south": { "uv": [ 0, 9, 7.25, 11.25 ], "texture": "#voxels_atlas" },
				"west": { "uv": [ 14.5, 11.25, 15, 13.5 ], "texture": "#voxels_atlas" },
				"east": { "uv": [ 14.5, 11.25, 14, 13.5 ], "texture": "#voxels_atlas" }
			}
		},
		{
			"__comment": "Voxels",
			"from": [ 9, 10, 6.5 ],
			"to": [ 10, 10.5, 8.5 ],
			"faces": {
				"down": { "uv": [ 15.5, 10.25, 16, 11.25 ], "texture": "#voxels_atlas" },
				"up": { "uv": [ 14.5, 10.25, 15, 9.25 ], "texture": "#voxels_atlas" },
				"north": { "uv": [ 7.25, 5.25, 6.75, 5.5 ], "texture": "#voxels_atlas" },
				"south": { "uv": [ 6.75, 5.5, 7.25, 5.75 ], "texture": "#voxels_atlas" },
				"west": { "uv": [ 6.5, 4, 7.5, 4.25 ], "texture": "#voxels_atlas" },
				"east": { "uv": [ 7.5, 4.5, 6.5, 4.75 ], "texture": "#voxels_atlas" }
			}
		},
		{
			"__comment": "Voxels",
			"from": [ 9.5, 9.5, 6.5 ],
			"to": [ 10.5, 10, 8.5 ],
			"faces": {
				"down": { "uv": [ 15, 12.5, 15.5, 13.5 ], "texture": "#voxels_atlas" },
				"up": { "uv": [ 15.5, 13.5, 16, 12.5 ], "texture": "#voxels_atlas" },
				"north": { "uv": [ 16, 11.25, 15.5, 11.5 ], "texture": "#voxels_atlas" },
				"south": { "uv": [ 15, 11.25, 15.5, 11.5 ], "texture": "#voxels_atlas" },
				"west": { "uv": [ 15, 10, 16, 10.25 ], "texture": "#voxels_atlas" },
				"east": { "uv": [ 7.5, 4.25, 6.5, 4.5 ], "texture": "#voxels_atlas" }
			}
		},
		{
			"__comment": "Voxels",
			"from": [ 9.5, 10.5, 7 ],
			"to": [ 23, 11, 8 ],
			"faces": {
				"down": { "uv": [ 0, 5, 6.75, 5.5 ], "texture": "#voxels_atlas" },
				"up": { "uv": [ 0, 6, 6.75, 5.5 ], "texture": "#voxels_atlas" },
				"north": { "uv": [ 6.75, 1.25, 0, 1.5 ], "texture": "#voxels_atlas" },
				"south": { "uv": [ 0, 1, 6.75, 1.25 ], "texture": "#voxels_atlas" },
				"west": { "uv": [ 6.5, 2.25, 7, 2.5 ], "texture": "#voxels_atlas" },
				"east": { "uv": [ 6.5, 2, 6, 2.25 ], "texture": "#voxels_atlas" }
			}
		},
		{
			"__comment": "Voxels",
			"from": [ 10, 9, 6.5 ],
			"to": [ 11, 9.5, 8.5 ],
			"faces": {
				"down": { "uv": [ 15, 11.5, 15.5, 12.5 ], "texture": "#voxels_atlas" },
				"up": { "uv": [ 15.5, 12.5, 16, 11.5 ], "texture": "#voxels_atlas" },
				"north": { "uv": [ 6.5, 2.25, 6, 2.5 ], "texture": "#voxels_atlas" },
				"south": { "uv": [ 7, 2.5, 7.5, 2.75 ], "texture": "#voxels_atlas" },
				"west": { "uv": [ 6, 2.75, 7, 3 ], "texture": "#voxels_atlas" },
				"east": { "uv": [ 7.25, 3.5, 6.25, 3.75 ], "texture": "#voxels_atlas" }
			}
		},
		{
			"__comment": "Voxels",
			"from": [ 10, 10, 7 ],
			"to": [ 23, 10.5, 8 ],
			"faces": {
				"down": { "uv": [ 0, 4.5, 6.5, 5 ], "texture": "#voxels_atlas" },
				"up": { "uv": [ 0, 4.5, 6.5, 4 ], "texture": "#voxels_atlas" },
				"north": { "uv": [ 6.5, 0.75, 0, 1 ], "texture": "#voxels_atlas" },
				"south": { "uv": [ 0, 0.5, 6.5, 0.75 ], "texture": "#voxels_atlas" },
				"west": { "uv": [ 6.5, 2.5, 7, 2.75 ], "texture": "#voxels_atlas" },
				"east": { "uv": [ 7.5, 2.75, 7, 3 ], "texture": "#voxels_atlas" }
			}
		},
		{
			"__comment": "Voxels",
			"from": [ 10.5, -0.5, 6.5 ],
			"to": [ 11, 9, 8.5 ],
			"faces": {
				"down": { "uv": [ 15.5, 9, 15.75, 10 ], "texture": "#voxels_atlas" },
				"up": { "uv": [ 15.25, 10, 15.5, 9 ], "texture": "#voxels_atlas" },
				"north": { "uv": [ 9, 0.25, 8.75, 5 ], "texture": "#voxels_atlas" },
				"south": { "uv": [ 8.5, 0.25, 8.75, 5 ], "texture": "#voxels_atlas" },
				"west": { "uv": [ 13, 11.25, 14, 16 ], "texture": "#voxels_atlas" },
				"east": { "uv": [ 13, 11.25, 12, 16 ], "texture": "#voxels_atlas" }
			}
		},
		{
			"__comment": "Voxels",
			"from": [ 10.5, 9.5, 7 ],
			"to": [ 23, 10, 8 ],
			"faces": {
				"down": { "uv": [ 0, 3, 6.25, 3.5 ], "texture": "#voxels_atlas" },
				"up": { "uv": [ 0, 4, 6.25, 3.5 ], "texture": "#voxels_atlas" },
				"north": { "uv": [ 6.25, 0, 0, 0.25 ], "texture": "#voxels_atlas" },
				"south": { "uv": [ 0, 0.25, 6.25, 0.5 ], "texture": "#voxels_atlas" },
				"west": { "uv": [ 14.5, 9, 15, 9.25 ], "texture": "#voxels_atlas" },
				"east": { "uv": [ 7.25, 5.75, 6.75, 6 ], "texture": "#voxels_atlas" }
			}
		},
		{
			"__comment": "Voxels",
			"from": [ 11, 0, 7 ],
			"to": [ 23, 9.5, 8 ],
			"faces": {
				"down": { "uv": [ 0, 2.5, 6, 3 ], "texture": "#voxels_atlas" },
				"up": { "uv": [ 0, 2.5, 6, 2 ], "texture": "#voxels_atlas" },
				"north": { "uv": [ 12, 11.25, 6, 16 ], "texture": "#voxels_atlas" },
				"south": { "uv": [ 0, 11.25, 6, 16 ], "texture": "#voxels_atlas" },
				"west": { "uv": [ 7.5, 4.25, 8, 9 ], "texture": "#voxels_atlas" },
				"east": { "uv": [ 8.5, 4.25, 8, 9 ], "texture": "#voxels_atlas" }
			}
		},
		{
			"__comment": "Voxels",
			"from": [ 11, 2.5, 6.5 ],
			"to": [ 23, 3, 7 ],
			"faces": {
				"down": { "uv": [ 8.5, 7.75, 14.5, 8 ], "texture": "#voxels_atlas" },
				"up": { "uv": [ 8.5, 8.5, 14.5, 8.25 ], "texture": "#voxels_atlas" },
				"north": { "uv": [ 14.5, 8, 8.5, 8.25 ], "texture": "#voxels_atlas" },
				"south": { "uv": [ 8.5, 8.5, 14.5, 8.75 ], "texture": "#voxels_atlas" },
				"west": { "uv": [ 7.25, 6.75, 7.5, 7 ], "texture": "#voxels_atlas" },
				"east": { "uv": [ 7.5, 6.5, 7.25, 6.75 ], "texture": "#voxels_atlas" }
			}
		},
		{
			"__comment": "Voxels",
			"from": [ 11, 2.5, 8 ],
			"to": [ 23, 3, 8.5 ],
			"faces": {
				"down": { "uv": [ 8.5, 8.75, 14.5, 9 ], "texture": "#voxels_atlas" },
				"up": { "uv": [ 8.5, 7.75, 14.5, 7.5 ], "texture": "#voxels_atlas" },
				"north": { "uv": [ 14.5, 7.25, 8.5, 7.5 ], "texture": "#voxels_atlas" },
				"south": { "uv": [ 8.5, 7, 14.5, 7.25 ], "texture": "#voxels_atlas" },
				"west": { "uv": [ 7.25, 6.25, 7.5, 6.5 ], "texture": "#voxels_atlas" },
				"east": { "uv": [ 7.5, 5.5, 7.25, 5.75 ], "texture": "#voxels_atlas" }
			}
		},
		{
			"__comment": "Voxels",
			"from": [ 11, 6, 8 ],
			"to": [ 23, 6.5, 8.5 ],
			"faces": {
				"down": { "uv": [ 8.5, 6.75, 14.5, 7 ], "texture": "#voxels_atlas" },
				"up": { "uv": [ 8.5, 6.75, 14.5, 6.5 ], "texture": "#voxels_atlas" },
				"north": { "uv": [ 14.5, 6.25, 8.5, 6.5 ], "texture": "#voxels_atlas" },
				"south": { "uv": [ 8.5, 6, 14.5, 6.25 ], "texture": "#voxels_atlas" },
				"west": { "uv": [ 7.25, 6, 7.5, 6.25 ], "texture": "#voxels_atlas" },
				"east": { "uv": [ 7.5, 5.75, 7.25, 6 ], "texture": "#voxels_atlas" }
			}
		},
		{
			"__comment": "Voxels",
			"from": [ 11, 6.5, 6.5 ],
			"to": [ 23, 7, 7 ],
			"faces": {
				"down": { "uv": [ 8.5, 5.75, 14.5, 6 ], "texture": "#voxels_atlas" },
				"up": { "uv": [ 8.5, 5.75, 14.5, 5.5 ], "texture": "#voxels_atlas" },
				"north": { "uv": [ 14.5, 5.25, 8.5, 5.5 ], "texture": "#voxels_atlas" },
				"south": { "uv": [ 8.5, 5, 14.5, 5.25 ], "texture": "#voxels_atlas" },
				"west": { "uv": [ 7.25, 5.25, 7.5, 5.5 ], "texture": "#voxels_atlas" },
				"east": { "uv": [ 7.5, 5, 7.25, 5.25 ], "texture": "#voxels_atlas" }
			}
		}
	],

	"display": {
		"head": {
			"scale":  [4, 4, 4]
		}
	}
}