{
	"__comment": "Designed by Miolith with Cubik Studio - https://cubik.studio",
	"textures": {
		"voxels_atlas": "custom/door_left"
	},
	"elements": [ 	 
		{
			"__comment": "Voxels",
			"from": [ -7, 0, 7 ],
			"to": [ 8, 9, 8 ],
			"faces": {
				"down": { "uv": [ 6.25, 11, 13.75, 11.5 ], "texture": "#voxels_atlas" },
				"up": { "uv": [ 6.25, 11, 13.75, 10.5 ], "texture": "#voxels_atlas" },
				"north": { "uv": [ 7.5, 11.5, 0, 16 ], "texture": "#voxels_atlas" },
				"south": { "uv": [ 7.5, 11.5, 15, 16 ], "texture": "#voxels_atlas" },
				"west": { "uv": [ 15, 11.5, 15.5, 16 ], "texture": "#voxels_atlas" },
				"east": { "uv": [ 16, 11.5, 15.5, 16 ], "texture": "#voxels_atlas" }
			}
		},
		{
			"__comment": "Voxels",
			"from": [ -7, 2.5, 6.5 ],
			"to": [ 8, 3, 7 ],
			"faces": {
				"down": { "uv": [ 6.25, 3, 13.75, 3.25 ], "texture": "#voxels_atlas" },
				"up": { "uv": [ 6.25, 3.5, 13.75, 3.25 ], "texture": "#voxels_atlas" },
				"north": { "uv": [ 13.75, 3.5, 6.25, 3.75 ], "texture": "#voxels_atlas" },
				"south": { "uv": [ 6.25, 3.75, 13.75, 4 ], "texture": "#voxels_atlas" },
				"west": { "uv": [ 15.75, 10.75, 16, 11 ], "texture": "#voxels_atlas" },
				"east": { "uv": [ 16, 11, 15.75, 11.25 ], "texture": "#voxels_atlas" }
			}
		},
		{
			"__comment": "Voxels",
			"from": [ -7, 2.5, 8 ],
			"to": [ 8, 3, 8.5 ],
			"faces": {
				"down": { "uv": [ 6.25, 4.25, 13.75, 4.5 ], "texture": "#voxels_atlas" },
				"up": { "uv": [ 6.25, 5.75, 13.75, 5.5 ], "texture": "#voxels_atlas" },
				"north": { "uv": [ 13.75, 5.75, 6.25, 6 ], "texture": "#voxels_atlas" },
				"south": { "uv": [ 6.25, 6.25, 13.75, 6.5 ], "texture": "#voxels_atlas" },
				"west": { "uv": [ 15.75, 11.25, 16, 11.5 ], "texture": "#voxels_atlas" },
				"east": { "uv": [ 6.25, 0.5, 6, 0.75 ], "texture": "#voxels_atlas" }
			}
		},
		{
			"__comment": "Voxels",
			"from": [ -7, 6.5, 6.5 ],
			"to": [ 8, 7, 7 ],
			"faces": {
				"down": { "uv": [ 6.25, 2.5, 13.75, 2.75 ], "texture": "#voxels_atlas" },
				"up": { "uv": [ 6.25, 3, 13.75, 2.75 ], "texture": "#voxels_atlas" },
				"north": { "uv": [ 13.75, 4, 6.25, 4.25 ], "texture": "#voxels_atlas" },
				"south": { "uv": [ 6.25, 6, 13.75, 6.25 ], "texture": "#voxels_atlas" },
				"west": { "uv": [ 6, 0.75, 6.25, 1 ], "texture": "#voxels_atlas" },
				"east": { "uv": [ 4.5, 0, 4.25, 0.25 ], "texture": "#voxels_atlas" }
			}
		},
		{
			"__comment": "Voxels",
			"from": [ -7, 6.5, 8 ],
			"to": [ 8, 7, 8.5 ],
			"faces": {
				"down": { "uv": [ 6.25, 5.25, 13.75, 5.5 ], "texture": "#voxels_atlas" },
				"up": { "uv": [ 6.25, 5.25, 13.75, 5 ], "texture": "#voxels_atlas" },
				"north": { "uv": [ 13.75, 4.75, 6.25, 5 ], "texture": "#voxels_atlas" },
				"south": { "uv": [ 6.25, 4.5, 13.75, 4.75 ], "texture": "#voxels_atlas" },
				"west": { "uv": [ 6, 1, 6.25, 1.25 ], "texture": "#voxels_atlas" },
				"east": { "uv": [ 6.25, 1.25, 6, 1.5 ], "texture": "#voxels_atlas" }
			}
		},
		{
			"__comment": "Voxels",
			"from": [ -7, 9, 7 ],
			"to": [ 7.5, 9.5, 8 ],
			"faces": {
				"down": { "uv": [ 6.25, 9.5, 13.5, 10 ], "texture": "#voxels_atlas" },
				"up": { "uv": [ 6.25, 10.5, 13.5, 10 ], "texture": "#voxels_atlas" },
				"north": { "uv": [ 13.5, 2.25, 6.25, 2.5 ], "texture": "#voxels_atlas" },
				"south": { "uv": [ 6.25, 2, 13.5, 2.25 ], "texture": "#voxels_atlas" },
				"west": { "uv": [ 13.75, 10.5, 14.25, 10.75 ], "texture": "#voxels_atlas" },
				"east": { "uv": [ 14.75, 10.75, 14.25, 11 ], "texture": "#voxels_atlas" }
			}
		},
		{
			"__comment": "Voxels",
			"from": [ -7, 9.5, 7 ],
			"to": [ 7, 10, 8 ],
			"faces": {
				"down": { "uv": [ 6.25, 8.5, 13.25, 9 ], "texture": "#voxels_atlas" },
				"up": { "uv": [ 6.25, 9.5, 13.25, 9 ], "texture": "#voxels_atlas" },
				"north": { "uv": [ 13.25, 1.5, 6.25, 1.75 ], "texture": "#voxels_atlas" },
				"south": { "uv": [ 6.25, 1.75, 13.25, 2 ], "texture": "#voxels_atlas" },
				"west": { "uv": [ 14.25, 10.5, 14.75, 10.75 ], "texture": "#voxels_atlas" },
				"east": { "uv": [ 15.25, 10.75, 14.75, 11 ], "texture": "#voxels_atlas" }
			}
		},
		{
			"__comment": "Voxels",
			"from": [ -7, 10, 7 ],
			"to": [ 6.5, 10.5, 8 ],
			"faces": {
				"down": { "uv": [ 6.25, 7.5, 13, 8 ], "texture": "#voxels_atlas" },
				"up": { "uv": [ 6.25, 8.5, 13, 8 ], "texture": "#voxels_atlas" },
				"north": { "uv": [ 13, 1.25, 6.25, 1.5 ], "texture": "#voxels_atlas" },
				"south": { "uv": [ 6.25, 1, 13, 1.25 ], "texture": "#voxels_atlas" },
				"west": { "uv": [ 13.75, 10.75, 14.25, 11 ], "texture": "#voxels_atlas" },
				"east": { "uv": [ 15.25, 10.5, 14.75, 10.75 ], "texture": "#voxels_atlas" }
			}
		},
		{
			"__comment": "Voxels",
			"from": [ -7, 10.5, 7 ],
			"to": [ 6, 11, 8 ],
			"faces": {
				"down": { "uv": [ 6.25, 7, 12.75, 7.5 ], "texture": "#voxels_atlas" },
				"up": { "uv": [ 6.25, 7, 12.75, 6.5 ], "texture": "#voxels_atlas" },
				"north": { "uv": [ 12.75, 0.75, 6.25, 1 ], "texture": "#voxels_atlas" },
				"south": { "uv": [ 6.25, 0.5, 12.75, 0.75 ], "texture": "#voxels_atlas" },
				"west": { "uv": [ 15.25, 10.75, 15.75, 11 ], "texture": "#voxels_atlas" },
				"east": { "uv": [ 15.75, 10.5, 15.25, 10.75 ], "texture": "#voxels_atlas" }
			}
		},
		{
			"__comment": "Voxels",
			"from": [ -7, 11, 6.5 ],
			"to": [ 5.5, 11.5, 8.5 ],
			"faces": {
				"down": { "uv": [ 0, 5, 6.25, 6 ], "texture": "#voxels_atlas" },
				"up": { "uv": [ 0, 7, 6.25, 6 ], "texture": "#voxels_atlas" },
				"north": { "uv": [ 6.25, 3.75, 0, 4 ], "texture": "#voxels_atlas" },
				"south": { "uv": [ 0, 3.5, 6.25, 3.75 ], "texture": "#voxels_atlas" },
				"west": { "uv": [ 5, 3, 6, 3.25 ], "texture": "#voxels_atlas" },
				"east": { "uv": [ 6, 3.25, 5, 3.5 ], "texture": "#voxels_atlas" }
			}
		},
		{
			"__comment": "Voxels",
			"from": [ -7, 11.5, 7 ],
			"to": [ 5.5, 16, 8 ],
			"faces": {
				"down": { "uv": [ 0, 4.5, 6.25, 5 ], "texture": "#voxels_atlas" },
				"up": { "uv": [ 0, 4.5, 6.25, 4 ], "texture": "#voxels_atlas" },
				"north": { "uv": [ 6.25, 9.25, 0, 11.5 ], "texture": "#voxels_atlas" },
				"south": { "uv": [ 0, 7, 6.25, 9.25 ], "texture": "#voxels_atlas" },
				"west": { "uv": [ 0.5, 1.25, 1, 3.5 ], "texture": "#voxels_atlas" },
				"east": { "uv": [ 0.5, 1.25, 0, 3.5 ], "texture": "#voxels_atlas" }
			}
		},
		{
			"__comment": "Voxels",
			"from": [ 5, 10.5, 6.5 ],
			"to": [ 6, 11, 7 ],
			"faces": {
				"down": { "uv": [ 13.5, 10.25, 14, 10.5 ], "texture": "#voxels_atlas" },
				"up": { "uv": [ 13.5, 10.25, 14, 10 ], "texture": "#voxels_atlas" },
				"north": { "uv": [ 14.5, 10.25, 14, 10.5 ], "texture": "#voxels_atlas" },
				"south": { "uv": [ 14, 10, 14.5, 10.25 ], "texture": "#voxels_atlas" },
				"west": { "uv": [ 6, 0.25, 6.25, 0.5 ], "texture": "#voxels_atlas" },
				"east": { "uv": [ 4.5, 0.25, 4.25, 0.5 ], "texture": "#voxels_atlas" }
			}
		},
		{
			"__comment": "Voxels",
			"from": [ 5, 10.5, 8 ],
			"to": [ 6, 11, 8.5 ],
			"faces": {
				"down": { "uv": [ 5.75, 2.5, 6.25, 2.75 ], "texture": "#voxels_atlas" },
				"up": { "uv": [ 5, 2.5, 5.5, 2.25 ], "texture": "#voxels_atlas" },
				"north": { "uv": [ 5.5, 2, 5, 2.25 ], "texture": "#voxels_atlas" },
				"south": { "uv": [ 5.5, 2.25, 6, 2.5 ], "texture": "#voxels_atlas" },
				"west": { "uv": [ 4.25, 1, 4.5, 1.25 ], "texture": "#voxels_atlas" },
				"east": { "uv": [ 4.5, 1.25, 4.25, 1.5 ], "texture": "#voxels_atlas" }
			}
		},
		{
			"__comment": "Voxels",
			"from": [ 5, 11.5, 6.5 ],
			"to": [ 5.5, 16.5, 7 ],
			"faces": {
				"down": { "uv": [ 6, 2, 6.25, 2.25 ], "texture": "#voxels_atlas" },
				"up": { "uv": [ 6, 2.5, 6.25, 2.25 ], "texture": "#voxels_atlas" },
				"north": { "uv": [ 2.25, 1, 2, 3.5 ], "texture": "#voxels_atlas" },
				"south": { "uv": [ 2.25, 1, 2.5, 3.5 ], "texture": "#voxels_atlas" },
				"west": { "uv": [ 2.75, 1, 3, 3.5 ], "texture": "#voxels_atlas" },
				"east": { "uv": [ 2.75, 1, 2.5, 3.5 ], "texture": "#voxels_atlas" }
			}
		},
		{
			"__comment": "Voxels",
			"from": [ 5, 11.5, 8 ],
			"to": [ 5.5, 16.5, 8.5 ],
			"faces": {
				"down": { "uv": [ 6, 3, 6.25, 3.25 ], "texture": "#voxels_atlas" },
				"up": { "uv": [ 6, 3.5, 6.25, 3.25 ], "texture": "#voxels_atlas" },
				"north": { "uv": [ 2, 1, 1.75, 3.5 ], "texture": "#voxels_atlas" },
				"south": { "uv": [ 1.5, 1, 1.75, 3.5 ], "texture": "#voxels_atlas" },
				"west": { "uv": [ 1, 1, 1.25, 3.5 ], "texture": "#voxels_atlas" },
				"east": { "uv": [ 1.5, 1, 1.25, 3.5 ], "texture": "#voxels_atlas" }
			}
		},
		{
			"__comment": "Voxels",
			"from": [ 5, 16, 7 ],
			"to": [ 5.5, 16.5, 8 ],
			"faces": {
				"down": { "uv": [ 4, 0, 4.25, 0.5 ], "texture": "#voxels_atlas" },
				"up": { "uv": [ 4.25, 2, 4.5, 1.5 ], "texture": "#voxels_atlas" },
				"north": { "uv": [ 1.5, 0, 1.25, 0.25 ], "texture": "#voxels_atlas" },
				"south": { "uv": [ 14.75, 10.25, 15, 10.5 ], "texture": "#voxels_atlas" },
				"west": { "uv": [ 4.5, 1.75, 5, 2 ], "texture": "#voxels_atlas" },
				"east": { "uv": [ 5.5, 1.75, 5, 2 ], "texture": "#voxels_atlas" }
			}
		},
		{
			"__comment": "Voxels",
			"from": [ 5.5, 10, 6.5 ],
			"to": [ 6.5, 10.5, 7 ],
			"faces": {
				"down": { "uv": [ 5.5, 1.75, 6, 2 ], "texture": "#voxels_atlas" },
				"up": { "uv": [ 4.5, 1.75, 5, 1.5 ], "texture": "#voxels_atlas" },
				"north": { "uv": [ 5.5, 1.5, 5, 1.75 ], "texture": "#voxels_atlas" },
				"south": { "uv": [ 5.5, 1.5, 6, 1.75 ], "texture": "#voxels_atlas" },
				"west": { "uv": [ 1, 0, 1.25, 0.25 ], "texture": "#voxels_atlas" },
				"east": { "uv": [ 16, 10.5, 15.75, 10.75 ], "texture": "#voxels_atlas" }
			}
		},
		{
			"__comment": "Voxels",
			"from": [ 5.5, 10, 8 ],
			"to": [ 6.5, 10.5, 8.5 ],
			"faces": {
				"down": { "uv": [ 4.5, 1.25, 5, 1.5 ], "texture": "#voxels_atlas" },
				"up": { "uv": [ 5, 1.5, 5.5, 1.25 ], "texture": "#voxels_atlas" },
				"north": { "uv": [ 6, 1.25, 5.5, 1.5 ], "texture": "#voxels_atlas" },
				"south": { "uv": [ 4.5, 1, 5, 1.25 ], "texture": "#voxels_atlas" },
				"west": { "uv": [ 14.75, 10, 15, 10.25 ], "texture": "#voxels_atlas" },
				"east": { "uv": [ 15.75, 10, 15.5, 10.25 ], "texture": "#voxels_atlas" }
			}
		},
		{
			"__comment": "Voxels",
			"from": [ 6, 9.5, 6.5 ],
			"to": [ 7, 10, 7 ],
			"faces": {
				"down": { "uv": [ 4.5, 0.75, 5, 1 ], "texture": "#voxels_atlas" },
				"up": { "uv": [ 4.5, 0.75, 5, 0.5 ], "texture": "#voxels_atlas" },
				"north": { "uv": [ 5, 0.25, 4.5, 0.5 ], "texture": "#voxels_atlas" },
				"south": { "uv": [ 4.5, 0, 5, 0.25 ], "texture": "#voxels_atlas" },
				"west": { "uv": [ 15.75, 10, 16, 10.25 ], "texture": "#voxels_atlas" },
				"east": { "uv": [ 14, 9.75, 13.75, 10 ], "texture": "#voxels_atlas" }
			}
		},
		{
			"__comment": "Voxels",
			"from": [ 6, 9.5, 8 ],
			"to": [ 7, 10, 8.5 ],
			"faces": {
				"down": { "uv": [ 5, 1, 5.5, 1.25 ], "texture": "#voxels_atlas" },
				"up": { "uv": [ 5.5, 1.25, 6, 1 ], "texture": "#voxels_atlas" },
				"north": { "uv": [ 6.25, 2.75, 5.75, 3 ], "texture": "#voxels_atlas" },
				"south": { "uv": [ 5, 0.75, 5.5, 1 ], "texture": "#voxels_atlas" },
				"west": { "uv": [ 15, 10.25, 15.25, 10.5 ], "texture": "#voxels_atlas" },
				"east": { "uv": [ 16, 10.25, 15.75, 10.5 ], "texture": "#voxels_atlas" }
			}
		},
		{
			"__comment": "Voxels",
			"from": [ 6.5, 9, 6.5 ],
			"to": [ 7.5, 9.5, 7 ],
			"faces": {
				"down": { "uv": [ 5.5, 0.75, 6, 1 ], "texture": "#voxels_atlas" },
				"up": { "uv": [ 5, 0.75, 5.5, 0.5 ], "texture": "#voxels_atlas" },
				"north": { "uv": [ 5.5, 0.25, 5, 0.5 ], "texture": "#voxels_atlas" },
				"south": { "uv": [ 5, 0, 5.5, 0.25 ], "texture": "#voxels_atlas" },
				"west": { "uv": [ 1.5, 0, 1.75, 0.25 ], "texture": "#voxels_atlas" },
				"east": { "uv": [ 2, 0, 1.75, 0.25 ], "texture": "#voxels_atlas" }
			}
		},
		{
			"__comment": "Voxels",
			"from": [ 6.5, 9, 8 ],
			"to": [ 7.5, 9.5, 8.5 ],
			"faces": {
				"down": { "uv": [ 5.5, 0.5, 6, 0.75 ], "texture": "#voxels_atlas" },
				"up": { "uv": [ 5.5, 0.5, 6, 0.25 ], "texture": "#voxels_atlas" },
				"north": { "uv": [ 6, 0, 5.5, 0.25 ], "texture": "#voxels_atlas" },
				"south": { "uv": [ 13.75, 11.25, 14.25, 11.5 ], "texture": "#voxels_atlas" },
				"west": { "uv": [ 15, 10, 15.25, 10.25 ], "texture": "#voxels_atlas" },
				"east": { "uv": [ 15.75, 10.25, 15.5, 10.5 ], "texture": "#voxels_atlas" }
			}
		},
		{
			"__comment": "Voxels",
			"from": [ 7, 8.5, 6.5 ],
			"to": [ 8, 9, 7 ],
			"faces": {
				"down": { "uv": [ 13.75, 11, 14.25, 11.25 ], "texture": "#voxels_atlas" },
				"up": { "uv": [ 14.25, 11.5, 14.75, 11.25 ], "texture": "#voxels_atlas" },
				"north": { "uv": [ 14.75, 11, 14.25, 11.25 ], "texture": "#voxels_atlas" },
				"south": { "uv": [ 14.75, 11.25, 15.25, 11.5 ], "texture": "#voxels_atlas" },
				"west": { "uv": [ 13.75, 9.5, 14, 9.75 ], "texture": "#voxels_atlas" },
				"east": { "uv": [ 14.25, 9.75, 14, 10 ], "texture": "#voxels_atlas" }
			}
		},
		{
			"__comment": "Voxels",
			"from": [ 7, 8.5, 8 ],
			"to": [ 8, 9, 8.5 ],
			"faces": {
				"down": { "uv": [ 14.75, 11, 15.25, 11.25 ], "texture": "#voxels_atlas" },
				"up": { "uv": [ 5.5, 2.25, 6, 2 ], "texture": "#voxels_atlas" },
				"north": { "uv": [ 15.75, 11.25, 15.25, 11.5 ], "texture": "#voxels_atlas" },
				"south": { "uv": [ 15.25, 11, 15.75, 11.25 ], "texture": "#voxels_atlas" },
				"west": { "uv": [ 2, 0, 2.25, 0.25 ], "texture": "#voxels_atlas" },
				"east": { "uv": [ 2.5, 0, 2.25, 0.25 ], "texture": "#voxels_atlas" }
			}
		},
		{
			"__comment": "Voxels",
			"from": [ 7.5, -0.5, 6.5 ],
			"to": [ 8, 2.5, 7 ],
			"faces": {
				"down": { "uv": [ 2.5, 0, 2.75, 0.25 ], "texture": "#voxels_atlas" },
				"up": { "uv": [ 2.75, 0.25, 3, 0 ], "texture": "#voxels_atlas" },
				"north": { "uv": [ 5, 2, 4.75, 3.5 ], "texture": "#voxels_atlas" },
				"south": { "uv": [ 4.5, 2, 4.75, 3.5 ], "texture": "#voxels_atlas" },
				"west": { "uv": [ 4, 2, 4.25, 3.5 ], "texture": "#voxels_atlas" },
				"east": { "uv": [ 4.5, 2, 4.25, 3.5 ], "texture": "#voxels_atlas" }
			}
		},
		{
			"__comment": "Voxels",
			"from": [ 7.5, -0.5, 7 ],
			"to": [ 8, 0, 8.5 ],
			"faces": {
				"down": { "uv": [ 1, 0.25, 1.25, 1 ], "texture": "#voxels_atlas" },
				"up": { "uv": [ 1.5, 1, 1.75, 0.25 ], "texture": "#voxels_atlas" },
				"north": { "uv": [ 4.5, 0.75, 4.25, 1 ], "texture": "#voxels_atlas" },
				"south": { "uv": [ 4.25, 0.5, 4.5, 0.75 ], "texture": "#voxels_atlas" },
				"west": { "uv": [ 5, 2.75, 5.75, 3 ], "texture": "#voxels_atlas" },
				"east": { "uv": [ 5.75, 2.5, 5, 2.75 ], "texture": "#voxels_atlas" }
			}
		},
		{
			"__comment": "Voxels",
			"from": [ 7.5, 0, 8 ],
			"to": [ 8, 2.5, 8.5 ],
			"faces": {
				"down": { "uv": [ 6, 1.75, 6.25, 2 ], "texture": "#voxels_atlas" },
				"up": { "uv": [ 6, 1.75, 6.25, 1.5 ], "texture": "#voxels_atlas" },
				"north": { "uv": [ 0.25, 0, 0, 1.25 ], "texture": "#voxels_atlas" },
				"south": { "uv": [ 0.25, 0, 0.5, 1.25 ], "texture": "#voxels_atlas" },
				"west": { "uv": [ 0.5, 0, 0.75, 1.25 ], "texture": "#voxels_atlas" },
				"east": { "uv": [ 1, 0, 0.75, 1.25 ], "texture": "#voxels_atlas" }
			}
		},
		{
			"__comment": "Voxels",
			"from": [ 7.5, 3, 6.5 ],
			"to": [ 8, 6.5, 7 ],
			"faces": {
				"down": { "uv": [ 14, 9.5, 14.25, 9.75 ], "texture": "#voxels_atlas" },
				"up": { "uv": [ 6, 0.25, 6.25, 0 ], "texture": "#voxels_atlas" },
				"north": { "uv": [ 3.25, 1.75, 3, 3.5 ], "texture": "#voxels_atlas" },
				"south": { "uv": [ 3.25, 0, 3.5, 1.75 ], "texture": "#voxels_atlas" },
				"west": { "uv": [ 3.25, 1.75, 3.5, 3.5 ], "texture": "#voxels_atlas" },
				"east": { "uv": [ 3.25, 0, 3, 1.75 ], "texture": "#voxels_atlas" }
			}
		},
		{
			"__comment": "Voxels",
			"from": [ 7.5, 3, 8 ],
			"to": [ 8, 6.5, 8.5 ],
			"faces": {
				"down": { "uv": [ 14.5, 10.25, 14.75, 10.5 ], "texture": "#voxels_atlas" },
				"up": { "uv": [ 14.5, 10.25, 14.75, 10 ], "texture": "#voxels_atlas" },
				"north": { "uv": [ 3.75, 1.75, 3.5, 3.5 ], "texture": "#voxels_atlas" },
				"south": { "uv": [ 3.5, 0, 3.75, 1.75 ], "texture": "#voxels_atlas" },
				"west": { "uv": [ 3.75, 1.75, 4, 3.5 ], "texture": "#voxels_atlas" },
				"east": { "uv": [ 4, 0, 3.75, 1.75 ], "texture": "#voxels_atlas" }
			}
		},
		{
			"__comment": "Voxels",
			"from": [ 7.5, 7, 6.5 ],
			"to": [ 8, 8.5, 7 ],
			"faces": {
				"down": { "uv": [ 15.25, 10.25, 15.5, 10.5 ], "texture": "#voxels_atlas" },
				"up": { "uv": [ 15.25, 10.25, 15.5, 10 ], "texture": "#voxels_atlas" },
				"north": { "uv": [ 2, 0.25, 1.75, 1 ], "texture": "#voxels_atlas" },
				"south": { "uv": [ 2, 0.25, 2.25, 1 ], "texture": "#voxels_atlas" },
				"west": { "uv": [ 2.25, 0.25, 2.5, 1 ], "texture": "#voxels_atlas" },
				"east": { "uv": [ 2.75, 0.25, 2.5, 1 ], "texture": "#voxels_atlas" }
			}
		},
		{
			"__comment": "Voxels",
			"from": [ 7.5, 7, 8 ],
			"to": [ 8, 8.5, 8.5 ],
			"faces": {
				"down": { "uv": [ 13.5, 9.75, 13.75, 10 ], "texture": "#voxels_atlas" },
				"up": { "uv": [ 13.5, 9.75, 13.75, 9.5 ], "texture": "#voxels_atlas" },
				"north": { "uv": [ 3, 0.25, 2.75, 1 ], "texture": "#voxels_atlas" },
				"south": { "uv": [ 4, 1.25, 4.25, 2 ], "texture": "#voxels_atlas" },
				"west": { "uv": [ 4, 0.5, 4.25, 1.25 ], "texture": "#voxels_atlas" },
				"east": { "uv": [ 1.5, 0.25, 1.25, 1 ], "texture": "#voxels_atlas" }
			}
		}
	],

	"display": {
		"head": {
			"scale":  [4, 4, 4]
		}
	}
}