{
	"__comment": "Designed by Miolith with Cubik Studio - https://cubik.studio",
	"textures": {
		"voxels_atlas": "custom/fans"
	},
	"elements": [ 	 
		{
			"__comment": "Voxels",
			"from": [ -1.5, 0, 6.5 ],
			"to": [ 2.5, 0.5, 9 ],
			"faces": {
				"down": { "uv": [ 0, 14.75, 2, 16 ], "texture": "#voxels_atlas" },
				"up": { "uv": [ 2, 16, 4, 14.75 ], "texture": "#voxels_atlas" },
				"north": { "uv": [ 13, 14.75, 11, 15 ], "texture": "#voxels_atlas" },
				"south": { "uv": [ 13, 14.75, 15, 15 ], "texture": "#voxels_atlas" },
				"west": { "uv": [ 3, 4.75, 4.25, 5 ], "texture": "#voxels_atlas" },
				"east": { "uv": [ 4.25, 4, 3, 4.25 ], "texture": "#voxels_atlas" }
			}
		},
		{
			"__comment": "Voxels",
			"from": [ 0, 0, 13 ],
			"to": [ 3.5, 0.5, 13.5 ],
			"faces": {
				"down": { "uv": [ 1.25, 0.25, 3, 0.5 ], "texture": "#voxels_atlas" },
				"up": { "uv": [ 1.25, 0.25, 3, 0 ], "texture": "#voxels_atlas" },
				"north": { "uv": [ 4.75, 12.75, 3, 13 ], "texture": "#voxels_atlas" },
				"south": { "uv": [ 14.25, 13.75, 16, 14 ], "texture": "#voxels_atlas" },
				"west": { "uv": [ 5.75, 10.5, 6, 10.75 ], "texture": "#voxels_atlas" },
				"east": { "uv": [ 5.25, 8.25, 5, 8.5 ], "texture": "#voxels_atlas" }
			}
		},
		{
			"__comment": "Voxels",
			"from": [ 0.5, 0, 12.5 ],
			"to": [ 4, 0.5, 13 ],
			"faces": {
				"down": { "uv": [ 14.25, 13.5, 16, 13.75 ], "texture": "#voxels_atlas" },
				"up": { "uv": [ 14.25, 13.5, 16, 13.25 ], "texture": "#voxels_atlas" },
				"north": { "uv": [ 3, 12.75, 1.25, 13 ], "texture": "#voxels_atlas" },
				"south": { "uv": [ 1.25, 12.5, 3, 12.75 ], "texture": "#voxels_atlas" },
				"west": { "uv": [ 5, 8, 5.25, 8.25 ], "texture": "#voxels_atlas" },
				"east": { "uv": [ 5.25, 7.75, 5, 8 ], "texture": "#voxels_atlas" }
			}
		},
		{
			"__comment": "Voxels",
			"from": [ 0.5, 0, 13.5 ],
			"to": [ 3, 0.5, 14 ],
			"faces": {
				"down": { "uv": [ 3, 8, 4.25, 8.25 ], "texture": "#voxels_atlas" },
				"up": { "uv": [ 3, 8.5, 4.25, 8.25 ], "texture": "#voxels_atlas" },
				"north": { "uv": [ 4.25, 6.25, 3, 6.5 ], "texture": "#voxels_atlas" },
				"south": { "uv": [ 3, 8.75, 4.25, 9 ], "texture": "#voxels_atlas" },
				"west": { "uv": [ 5, 7.5, 5.25, 7.75 ], "texture": "#voxels_atlas" },
				"east": { "uv": [ 5.25, 7.25, 5, 7.5 ], "texture": "#voxels_atlas" }
			}
		},
		{
			"__comment": "Voxels",
			"from": [ 1, 0, 1.5 ],
			"to": [ 4.5, 0.5, 2 ],
			"faces": {
				"down": { "uv": [ 1.25, 5.5, 3, 5.75 ], "texture": "#voxels_atlas" },
				"up": { "uv": [ 1.25, 12.5, 3, 12.25 ], "texture": "#voxels_atlas" },
				"north": { "uv": [ 3, 12, 1.25, 12.25 ], "texture": "#voxels_atlas" },
				"south": { "uv": [ 1.25, 11.75, 3, 12 ], "texture": "#voxels_atlas" },
				"west": { "uv": [ 5, 7, 5.25, 7.25 ], "texture": "#voxels_atlas" },
				"east": { "uv": [ 5.25, 6.25, 5, 6.5 ], "texture": "#voxels_atlas" }
			}
		},
		{
			"__comment": "Voxels",
			"from": [ 1, 0, 12 ],
			"to": [ 4.5, 0.5, 12.5 ],
			"faces": {
				"down": { "uv": [ 1.25, 11.5, 3, 11.75 ], "texture": "#voxels_atlas" },
				"up": { "uv": [ 1.25, 11.5, 3, 11.25 ], "texture": "#voxels_atlas" },
				"north": { "uv": [ 3, 11, 1.25, 11.25 ], "texture": "#voxels_atlas" },
				"south": { "uv": [ 1.25, 10.75, 3, 11 ], "texture": "#voxels_atlas" },
				"west": { "uv": [ 5, 6, 5.25, 6.25 ], "texture": "#voxels_atlas" },
				"east": { "uv": [ 5.25, 5.75, 5, 6 ], "texture": "#voxels_atlas" }
			}
		},
		{
			"__comment": "Voxels",
			"from": [ 1, 0, 14 ],
			"to": [ 2.5, 0.5, 14.5 ],
			"faces": {
				"down": { "uv": [ 10, 11, 10.75, 11.25 ], "texture": "#voxels_atlas" },
				"up": { "uv": [ 10.75, 11.25, 11.5, 11 ], "texture": "#voxels_atlas" },
				"north": { "uv": [ 12.25, 11, 11.5, 11.25 ], "texture": "#voxels_atlas" },
				"south": { "uv": [ 12.25, 11, 13, 11.25 ], "texture": "#voxels_atlas" },
				"west": { "uv": [ 5, 5.5, 5.25, 5.75 ], "texture": "#voxels_atlas" },
				"east": { "uv": [ 5.25, 2.75, 5, 3 ], "texture": "#voxels_atlas" }
			}
		},
		{
			"__comment": "Voxels",
			"from": [ 1.5, 0, 1 ],
			"to": [ 4, 0.5, 1.5 ],
			"faces": {
				"down": { "uv": [ 3, 9.25, 4.25, 9.5 ], "texture": "#voxels_atlas" },
				"up": { "uv": [ 3, 9.75, 4.25, 9.5 ], "texture": "#voxels_atlas" },
				"north": { "uv": [ 4.25, 9.75, 3, 10 ], "texture": "#voxels_atlas" },
				"south": { "uv": [ 3, 4.25, 4.25, 4.5 ], "texture": "#voxels_atlas" },
				"west": { "uv": [ 5, 2.5, 5.25, 2.75 ], "texture": "#voxels_atlas" },
				"east": { "uv": [ 5.25, 2.25, 5, 2.5 ], "texture": "#voxels_atlas" }
			}
		},
		{
			"__comment": "Voxels",
			"from": [ 1.5, 0, 2 ],
			"to": [ 5, 0.5, 2.5 ],
			"faces": {
				"down": { "uv": [ 1.25, 10.5, 3, 10.75 ], "texture": "#voxels_atlas" },
				"up": { "uv": [ 1.25, 10.5, 3, 10.25 ], "texture": "#voxels_atlas" },
				"north": { "uv": [ 3, 10, 1.25, 10.25 ], "texture": "#voxels_atlas" },
				"south": { "uv": [ 1.25, 9.75, 3, 10 ], "texture": "#voxels_atlas" },
				"west": { "uv": [ 5, 2, 5.25, 2.25 ], "texture": "#voxels_atlas" },
				"east": { "uv": [ 5.25, 1.75, 5, 2 ], "texture": "#voxels_atlas" }
			}
		},
		{
			"__comment": "Voxels",
			"from": [ 1.5, 0, 11.5 ],
			"to": [ 5, 0.5, 12 ],
			"faces": {
				"down": { "uv": [ 1.25, 9.5, 3, 9.75 ], "texture": "#voxels_atlas" },
				"up": { "uv": [ 1.25, 9.5, 3, 9.25 ], "texture": "#voxels_atlas" },
				"north": { "uv": [ 3, 9, 1.25, 9.25 ], "texture": "#voxels_atlas" },
				"south": { "uv": [ 1.25, 8.75, 3, 9 ], "texture": "#voxels_atlas" },
				"west": { "uv": [ 6.75, 10.75, 7, 11 ], "texture": "#voxels_atlas" },
				"east": { "uv": [ 7.25, 10.75, 7, 11 ], "texture": "#voxels_atlas" }
			}
		},
		{
			"__comment": "Voxels",
			"from": [ 1.5, 0, 14.5 ],
			"to": [ 2, 0.5, 15 ],
			"faces": {
				"down": { "uv": [ 7.25, 10.75, 7.5, 11 ], "texture": "#voxels_atlas" },
				"up": { "uv": [ 10.25, 11, 10.5, 10.75 ], "texture": "#voxels_atlas" },
				"north": { "uv": [ 7.75, 10.75, 7.5, 11 ], "texture": "#voxels_atlas" },
				"south": { "uv": [ 15.75, 10.75, 16, 11 ], "texture": "#voxels_atlas" },
				"west": { "uv": [ 5.25, 10.5, 5.5, 10.75 ], "texture": "#voxels_atlas" },
				"east": { "uv": [ 5.75, 10.5, 5.5, 10.75 ], "texture": "#voxels_atlas" }
			}
		},
		{
			"__comment": "Voxels",
			"from": [ 2, 0, 0.5 ],
			"to": [ 3.5, 0.5, 1 ],
			"faces": {
				"down": { "uv": [ 3.5, 0, 4.25, 0.25 ], "texture": "#voxels_atlas" },
				"up": { "uv": [ 3.5, 1, 4.25, 0.75 ], "texture": "#voxels_atlas" },
				"north": { "uv": [ 4.25, 0.5, 3.5, 0.75 ], "texture": "#voxels_atlas" },
				"south": { "uv": [ 0, 0, 0.75, 0.25 ], "texture": "#voxels_atlas" },
				"west": { "uv": [ 11, 10.5, 11.25, 10.75 ], "texture": "#voxels_atlas" },
				"east": { "uv": [ 11.5, 10.5, 11.25, 10.75 ], "texture": "#voxels_atlas" }
			}
		},
		{
			"__comment": "Voxels",
			"from": [ 2, 0, 2.5 ],
			"to": [ 5, 0.5, 3 ],
			"faces": {
				"down": { "uv": [ 4.5, 12, 6, 12.25 ], "texture": "#voxels_atlas" },
				"up": { "uv": [ 3, 12.25, 4.5, 12 ], "texture": "#voxels_atlas" },
				"north": { "uv": [ 15, 12.5, 13.5, 12.75 ], "texture": "#voxels_atlas" },
				"south": { "uv": [ 13.5, 12.25, 15, 12.5 ], "texture": "#voxels_atlas" },
				"west": { "uv": [ 11.5, 10.5, 11.75, 10.75 ], "texture": "#voxels_atlas" },
				"east": { "uv": [ 13.5, 10.5, 13.25, 10.75 ], "texture": "#voxels_atlas" }
			}
		},
		{
			"__comment": "Voxels",
			"from": [ 2, 0, 11 ],
			"to": [ 5.5, 0.5, 11.5 ],
			"faces": {
				"down": { "uv": [ 1.25, 7.25, 3, 7.5 ], "texture": "#voxels_atlas" },
				"up": { "uv": [ 1.25, 7.25, 3, 7 ], "texture": "#voxels_atlas" },
				"north": { "uv": [ 3, 6.75, 1.25, 7 ], "texture": "#voxels_atlas" },
				"south": { "uv": [ 1.25, 6.5, 3, 6.75 ], "texture": "#voxels_atlas" },
				"west": { "uv": [ 13, 10.5, 13.25, 10.75 ], "texture": "#voxels_atlas" },
				"east": { "uv": [ 13, 10.5, 12.75, 10.75 ], "texture": "#voxels_atlas" }
			}
		},
		{
			"__comment": "Voxels",
			"from": [ 2.5, 0, 0 ],
			"to": [ 3, 0.5, 0.5 ],
			"faces": {
				"down": { "uv": [ 12.5, 10.5, 12.75, 10.75 ], "texture": "#voxels_atlas" },
				"up": { "uv": [ 7.25, 10.75, 7.5, 10.5 ], "texture": "#voxels_atlas" },
				"north": { "uv": [ 7.25, 10.5, 7, 10.75 ], "texture": "#voxels_atlas" },
				"south": { "uv": [ 6.75, 10.5, 7, 10.75 ], "texture": "#voxels_atlas" },
				"west": { "uv": [ 6.5, 10.5, 6.75, 10.75 ], "texture": "#voxels_atlas" },
				"east": { "uv": [ 15.25, 10.75, 15, 11 ], "texture": "#voxels_atlas" }
			}
		},
		{
			"__comment": "Voxels",
			"from": [ 2.5, 0, 3 ],
			"to": [ 5.5, 0.5, 3.5 ],
			"faces": {
				"down": { "uv": [ 6, 12.5, 7.5, 12.75 ], "texture": "#voxels_atlas" },
				"up": { "uv": [ 7.5, 12.75, 9, 12.5 ], "texture": "#voxels_atlas" },
				"north": { "uv": [ 12, 12, 10.5, 12.25 ], "texture": "#voxels_atlas" },
				"south": { "uv": [ 3, 12.25, 4.5, 12.5 ], "texture": "#voxels_atlas" },
				"west": { "uv": [ 14.75, 10.75, 15, 11 ], "texture": "#voxels_atlas" },
				"east": { "uv": [ 14.75, 10.75, 14.5, 11 ], "texture": "#voxels_atlas" }
			}
		},
		{
			"__comment": "Voxels",
			"from": [ 2.5, 0, 7 ],
			"to": [ 4.5, 0.5, 9 ],
			"faces": {
				"down": { "uv": [ 0, 5.75, 1, 6.75 ], "texture": "#voxels_atlas" },
				"up": { "uv": [ 0, 5.75, 1, 4.75 ], "texture": "#voxels_atlas" },
				"north": { "uv": [ 6.25, 11.25, 5.25, 11.5 ], "texture": "#voxels_atlas" },
				"south": { "uv": [ 6.25, 11.25, 7.25, 11.5 ], "texture": "#voxels_atlas" },
				"west": { "uv": [ 7.25, 11.25, 8.25, 11.5 ], "texture": "#voxels_atlas" },
				"east": { "uv": [ 9.25, 11.25, 8.25, 11.5 ], "texture": "#voxels_atlas" }
			}
		},
		{
			"__comment": "Voxels",
			"from": [ 3, 0, 3.5 ],
			"to": [ 5.5, 0.5, 4 ],
			"faces": {
				"down": { "uv": [ 4.5, 11.75, 5.75, 12 ], "texture": "#voxels_atlas" },
				"up": { "uv": [ 10.75, 12, 12, 11.75 ], "texture": "#voxels_atlas" },
				"north": { "uv": [ 15.75, 11.75, 14.5, 12 ], "texture": "#voxels_atlas" },
				"south": { "uv": [ 13.25, 11.75, 14.5, 12 ], "texture": "#voxels_atlas" },
				"west": { "uv": [ 14.25, 10.75, 14.5, 11 ], "texture": "#voxels_atlas" },
				"east": { "uv": [ 13.75, 10.75, 13.5, 11 ], "texture": "#voxels_atlas" }
			}
		},
		{
			"__comment": "Voxels",
			"from": [ 3, 0, 10.5 ],
			"to": [ 6, 0.5, 11 ],
			"faces": {
				"down": { "uv": [ 10.75, 12.75, 12.25, 13 ], "texture": "#voxels_atlas" },
				"up": { "uv": [ 12.25, 13, 13.75, 12.75 ], "texture": "#voxels_atlas" },
				"north": { "uv": [ 15.25, 12.75, 13.75, 13 ], "texture": "#voxels_atlas" },
				"south": { "uv": [ 9, 12.5, 10.5, 12.75 ], "texture": "#voxels_atlas" },
				"west": { "uv": [ 13.25, 10.75, 13.5, 11 ], "texture": "#voxels_atlas" },
				"east": { "uv": [ 13.25, 10.75, 13, 11 ], "texture": "#voxels_atlas" }
			}
		},
		{
			"__comment": "Voxels",
			"from": [ 3.5, 0, 4 ],
			"to": [ 6, 0.5, 4.5 ],
			"faces": {
				"down": { "uv": [ 3, 5.5, 4.25, 5.75 ], "texture": "#voxels_atlas" },
				"up": { "uv": [ 3, 8, 4.25, 7.75 ], "texture": "#voxels_atlas" },
				"north": { "uv": [ 4.25, 7.5, 3, 7.75 ], "texture": "#voxels_atlas" },
				"south": { "uv": [ 3, 7.25, 4.25, 7.5 ], "texture": "#voxels_atlas" },
				"west": { "uv": [ 12.75, 10.75, 13, 11 ], "texture": "#voxels_atlas" },
				"east": { "uv": [ 10.75, 10.75, 10.5, 11 ], "texture": "#voxels_atlas" }
			}
		},
		{
			"__comment": "Voxels",
			"from": [ 4, 0, 4.5 ],
			"to": [ 6, 0.5, 5 ],
			"faces": {
				"down": { "uv": [ 9.25, 11.25, 10.25, 11.5 ], "texture": "#voxels_atlas" },
				"up": { "uv": [ 10.25, 11.5, 11.25, 11.25 ], "texture": "#voxels_atlas" },
				"north": { "uv": [ 7.25, 11.5, 6.25, 11.75 ], "texture": "#voxels_atlas" },
				"south": { "uv": [ 11.25, 11.25, 12.25, 11.5 ], "texture": "#voxels_atlas" },
				"west": { "uv": [ 10, 10.75, 10.25, 11 ], "texture": "#voxels_atlas" },
				"east": { "uv": [ 10, 10.75, 9.75, 11 ], "texture": "#voxels_atlas" }
			}
		},
		{
			"__comment": "Voxels",
			"from": [ 4, 0, 10 ],
			"to": [ 6.5, 0.5, 10.5 ],
			"faces": {
				"down": { "uv": [ 5.75, 11.75, 7, 12 ], "texture": "#voxels_atlas" },
				"up": { "uv": [ 7, 12, 8.25, 11.75 ], "texture": "#voxels_atlas" },
				"north": { "uv": [ 9.5, 11.75, 8.25, 12 ], "texture": "#voxels_atlas" },
				"south": { "uv": [ 9.5, 11.75, 10.75, 12 ], "texture": "#voxels_atlas" },
				"west": { "uv": [ 9, 10.75, 9.25, 11 ], "texture": "#voxels_atlas" },
				"east": { "uv": [ 9, 10.75, 8.75, 11 ], "texture": "#voxels_atlas" }
			}
		},
		{
			"__comment": "Voxels",
			"from": [ 4.5, 0, 5 ],
			"to": [ 6.5, 0.5, 5.5 ],
			"faces": {
				"down": { "uv": [ 12.25, 11.25, 13.25, 11.5 ], "texture": "#voxels_atlas" },
				"up": { "uv": [ 13.25, 11.5, 14.25, 11.25 ], "texture": "#voxels_atlas" },
				"north": { "uv": [ 15.25, 11.25, 14.25, 11.5 ], "texture": "#voxels_atlas" },
				"south": { "uv": [ 4.25, 11, 5.25, 11.25 ], "texture": "#voxels_atlas" },
				"west": { "uv": [ 8.5, 10.75, 8.75, 11 ], "texture": "#voxels_atlas" },
				"east": { "uv": [ 8.5, 10.75, 8.25, 11 ], "texture": "#voxels_atlas" }
			}
		},
		{
			"__comment": "Voxels",
			"from": [ 4.5, 0, 7.5 ],
			"to": [ 6, 0.5, 8.5 ],
			"faces": {
				"down": { "uv": [ 0, 0.25, 0.75, 0.75 ], "texture": "#voxels_atlas" },
				"up": { "uv": [ 14.75, 14.75, 15.5, 14.25 ], "texture": "#voxels_atlas" },
				"north": { "uv": [ 5, 10.75, 4.25, 11 ], "texture": "#voxels_atlas" },
				"south": { "uv": [ 13, 11, 13.75, 11.25 ], "texture": "#voxels_atlas" },
				"west": { "uv": [ 4.25, 1.25, 4.75, 1.5 ], "texture": "#voxels_atlas" },
				"east": { "uv": [ 4.75, 1.5, 4.25, 1.75 ], "texture": "#voxels_atlas" }
			}
		},
		{
			"__comment": "Voxels",
			"from": [ 5, 0, 5.5 ],
			"to": [ 9, 0.5, 6 ],
			"faces": {
				"down": { "uv": [ 12.25, 13.25, 14.25, 13.5 ], "texture": "#voxels_atlas" },
				"up": { "uv": [ 12.25, 14, 14.25, 13.75 ], "texture": "#voxels_atlas" },
				"north": { "uv": [ 6.25, 13.5, 4.25, 13.75 ], "texture": "#voxels_atlas" },
				"south": { "uv": [ 13.25, 13, 15.25, 13.25 ], "texture": "#voxels_atlas" },
				"west": { "uv": [ 5, 0, 5.25, 0.25 ], "texture": "#voxels_atlas" },
				"east": { "uv": [ 5.25, 0.25, 5, 0.5 ], "texture": "#voxels_atlas" }
			}
		},
		{
			"__comment": "Voxels",
			"from": [ 5, 0, 9.5 ],
			"to": [ 7, 0.5, 10 ],
			"faces": {
				"down": { "uv": [ 5.25, 11, 6.25, 11.25 ], "texture": "#voxels_atlas" },
				"up": { "uv": [ 6.25, 11.25, 7.25, 11 ], "texture": "#voxels_atlas" },
				"north": { "uv": [ 8.25, 11, 7.25, 11.25 ], "texture": "#voxels_atlas" },
				"south": { "uv": [ 8.25, 11, 9.25, 11.25 ], "texture": "#voxels_atlas" },
				"west": { "uv": [ 5, 0.5, 5.25, 0.75 ], "texture": "#voxels_atlas" },
				"east": { "uv": [ 5.25, 0.75, 5, 1 ], "texture": "#voxels_atlas" }
			}
		},
		{
			"__comment": "Voxels",
			"from": [ 5.5, 0, 6 ],
			"to": [ 7, 0.5, 6.5 ],
			"faces": {
				"down": { "uv": [ 3.5, 0.25, 4.25, 0.5 ], "texture": "#voxels_atlas" },
				"up": { "uv": [ 15.25, 11.25, 16, 11 ], "texture": "#voxels_atlas" },
				"north": { "uv": [ 15.25, 11, 14.5, 11.25 ], "texture": "#voxels_atlas" },
				"south": { "uv": [ 13.75, 11, 14.5, 11.25 ], "texture": "#voxels_atlas" },
				"west": { "uv": [ 5, 3, 5.25, 3.25 ], "texture": "#voxels_atlas" },
				"east": { "uv": [ 5.25, 3.25, 5, 3.5 ], "texture": "#voxels_atlas" }
			}
		},
		{
			"__comment": "Voxels",
			"from": [ 5.5, 0, 7 ],
			"to": [ 6, 0.5, 7.5 ],
			"faces": {
				"down": { "uv": [ 5, 3.5, 5.25, 3.75 ], "texture": "#voxels_atlas" },
				"up": { "uv": [ 5, 4, 5.25, 3.75 ], "texture": "#voxels_atlas" },
				"north": { "uv": [ 5.25, 4.5, 5, 4.75 ], "texture": "#voxels_atlas" },
				"south": { "uv": [ 5, 4.75, 5.25, 5 ], "texture": "#voxels_atlas" },
				"west": { "uv": [ 5, 5, 5.25, 5.25 ], "texture": "#voxels_atlas" },
				"east": { "uv": [ 5.25, 5.25, 5, 5.5 ], "texture": "#voxels_atlas" }
			}
		},
		{
			"__comment": "Voxels",
			"from": [ 5.5, 0, 8.5 ],
			"to": [ 6, 0.5, 9.5 ],
			"faces": {
				"down": { "uv": [ 4.5, 3.5, 4.75, 4 ], "texture": "#voxels_atlas" },
				"up": { "uv": [ 4.25, 4, 4.5, 3.5 ], "texture": "#voxels_atlas" },
				"north": { "uv": [ 5.25, 6.5, 5, 6.75 ], "texture": "#voxels_atlas" },
				"south": { "uv": [ 5, 6.75, 5.25, 7 ], "texture": "#voxels_atlas" },
				"west": { "uv": [ 4.25, 4.5, 4.75, 4.75 ], "texture": "#voxels_atlas" },
				"east": { "uv": [ 4.75, 4.75, 4.25, 5 ], "texture": "#voxels_atlas" }
			}
		},
		{
			"__comment": "Voxels",
			"from": [ 5.5, 0.5, 7.5 ],
			"to": [ 10.5, 1, 8.5 ],
			"faces": {
				"down": { "uv": [ 7.5, 15, 10, 15.5 ], "texture": "#voxels_atlas" },
				"up": { "uv": [ 7.5, 16, 10, 15.5 ], "texture": "#voxels_atlas" },
				"north": { "uv": [ 10, 14.75, 7.5, 15 ], "texture": "#voxels_atlas" },
				"south": { "uv": [ 13.25, 14, 15.75, 14.25 ], "texture": "#voxels_atlas" },
				"west": { "uv": [ 4.25, 5, 4.75, 5.25 ], "texture": "#voxels_atlas" },
				"east": { "uv": [ 4.75, 5.25, 4.25, 5.5 ], "texture": "#voxels_atlas" }
			}
		},
		{
			"__comment": "Voxels",
			"from": [ 6, 0, 6.5 ],
			"to": [ 6.5, 1, 7 ],
			"faces": {
				"down": { "uv": [ 5, 1.5, 5.25, 1.75 ], "texture": "#voxels_atlas" },
				"up": { "uv": [ 5, 9.5, 5.25, 9.25 ], "texture": "#voxels_atlas" },
				"north": { "uv": [ 5.25, 10, 5, 10.5 ], "texture": "#voxels_atlas" },
				"south": { "uv": [ 4.75, 3.5, 5, 4 ], "texture": "#voxels_atlas" },
				"west": { "uv": [ 4.25, 7.5, 4.5, 8 ], "texture": "#voxels_atlas" },
				"east": { "uv": [ 5.25, 10.5, 5, 11 ], "texture": "#voxels_atlas" }
			}
		},
		{
			"__comment": "Voxels",
			"from": [ 6, 0, 9 ],
			"to": [ 6.5, 1, 9.5 ],
			"faces": {
				"down": { "uv": [ 5, 9.75, 5.25, 10 ], "texture": "#voxels_atlas" },
				"up": { "uv": [ 4.75, 1.75, 5, 1.5 ], "texture": "#voxels_atlas" },
				"north": { "uv": [ 4.5, 8.5, 4.25, 9 ], "texture": "#voxels_atlas" },
				"south": { "uv": [ 1, 3.75, 1.25, 4.25 ], "texture": "#voxels_atlas" },
				"west": { "uv": [ 1, 4.25, 1.25, 4.75 ], "texture": "#voxels_atlas" },
				"east": { "uv": [ 1.25, 0.75, 1, 1.25 ], "texture": "#voxels_atlas" }
			}
		},
		{
			"__comment": "Voxels",
			"from": [ 6, 0.5, 7 ],
			"to": [ 10, 1.5, 7.5 ],
			"faces": {
				"down": { "uv": [ 4.25, 13.75, 6.25, 14 ], "texture": "#voxels_atlas" },
				"up": { "uv": [ 9.25, 13.25, 11.25, 13 ], "texture": "#voxels_atlas" },
				"north": { "uv": [ 15, 15.5, 13, 16 ], "texture": "#voxels_atlas" },
				"south": { "uv": [ 11, 15, 13, 15.5 ], "texture": "#voxels_atlas" },
				"west": { "uv": [ 1, 1.25, 1.25, 1.75 ], "texture": "#voxels_atlas" },
				"east": { "uv": [ 1.25, 2.75, 1, 3.25 ], "texture": "#voxels_atlas" }
			}
		},
		{
			"__comment": "Voxels",
			"from": [ 6, 0.5, 8.5 ],
			"to": [ 10, 1.5, 9 ],
			"faces": {
				"down": { "uv": [ 10.25, 13.75, 12.25, 14 ], "texture": "#voxels_atlas" },
				"up": { "uv": [ 8.25, 14, 10.25, 13.75 ], "texture": "#voxels_atlas" },
				"north": { "uv": [ 3.25, 14.25, 1.25, 14.75 ], "texture": "#voxels_atlas" },
				"south": { "uv": [ 3.25, 14.25, 5.25, 14.75 ], "texture": "#voxels_atlas" },
				"west": { "uv": [ 1, 3.25, 1.25, 3.75 ], "texture": "#voxels_atlas" },
				"east": { "uv": [ 4.5, 7, 4.25, 7.5 ], "texture": "#voxels_atlas" }
			}
		},
		{
			"__comment": "Voxels",
			"from": [ 6, 1, 7.5 ],
			"to": [ 10, 1.5, 8.5 ],
			"faces": {
				"down": { "uv": [ 13, 15, 15, 15.5 ], "texture": "#voxels_atlas" },
				"up": { "uv": [ 11, 16, 13, 15.5 ], "texture": "#voxels_atlas" },
				"north": { "uv": [ 3.25, 13, 1.25, 13.25 ], "texture": "#voxels_atlas" },
				"south": { "uv": [ 3.25, 13, 5.25, 13.25 ], "texture": "#voxels_atlas" },
				"west": { "uv": [ 4.25, 8.25, 4.75, 8.5 ], "texture": "#voxels_atlas" },
				"east": { "uv": [ 4.75, 0, 4.25, 0.25 ], "texture": "#voxels_atlas" }
			}
		},
		{
			"__comment": "Voxels",
			"from": [ 6.5, 0, 13.5 ],
			"to": [ 9, 0.5, 17.5 ],
			"faces": {
				"down": { "uv": [ 0, 6.75, 1.25, 8.75 ], "texture": "#voxels_atlas" },
				"up": { "uv": [ 0, 14.75, 1.25, 12.75 ], "texture": "#voxels_atlas" },
				"north": { "uv": [ 4.25, 10, 3, 10.25 ], "texture": "#voxels_atlas" },
				"south": { "uv": [ 3, 8.5, 4.25, 8.75 ], "texture": "#voxels_atlas" },
				"west": { "uv": [ 8.25, 13.5, 10.25, 13.75 ], "texture": "#voxels_atlas" },
				"east": { "uv": [ 10.25, 13.25, 8.25, 13.5 ], "texture": "#voxels_atlas" }
			}
		},
		{
			"__comment": "Voxels",
			"from": [ 6.5, 0.5, 6 ],
			"to": [ 9.5, 1, 7 ],
			"faces": {
				"down": { "uv": [ 8.75, 14.25, 10.25, 14.75 ], "texture": "#voxels_atlas" },
				"up": { "uv": [ 10.25, 14.75, 11.75, 14.25 ], "texture": "#voxels_atlas" },
				"north": { "uv": [ 4.5, 11.75, 3, 12 ], "texture": "#voxels_atlas" },
				"south": { "uv": [ 13.5, 12, 15, 12.25 ], "texture": "#voxels_atlas" },
				"west": { "uv": [ 4.25, 2, 4.75, 2.25 ], "texture": "#voxels_atlas" },
				"east": { "uv": [ 8.75, 14.25, 8.25, 14.5 ], "texture": "#voxels_atlas" }
			}
		},
		{
			"__comment": "Voxels",
			"from": [ 6.5, 0.5, 9 ],
			"to": [ 10, 1, 9.5 ],
			"faces": {
				"down": { "uv": [ 1.25, 8.5, 3, 8.75 ], "texture": "#voxels_atlas" },
				"up": { "uv": [ 1.25, 8.5, 3, 8.25 ], "texture": "#voxels_atlas" },
				"north": { "uv": [ 3, 8, 1.25, 8.25 ], "texture": "#voxels_atlas" },
				"south": { "uv": [ 1.25, 7.75, 3, 8 ], "texture": "#voxels_atlas" },
				"west": { "uv": [ 5, 9, 5.25, 9.25 ], "texture": "#voxels_atlas" },
				"east": { "uv": [ 4.25, 2.25, 4, 2.5 ], "texture": "#voxels_atlas" }
			}
		},
		{
			"__comment": "Voxels",
			"from": [ 6.5, 0.5, 9.5 ],
			"to": [ 9.5, 1, 10 ],
			"faces": {
				"down": { "uv": [ 12, 12, 13.5, 12.25 ], "texture": "#voxels_atlas" },
				"up": { "uv": [ 6, 12.25, 7.5, 12 ], "texture": "#voxels_atlas" },
				"north": { "uv": [ 13.5, 12.25, 12, 12.5 ], "texture": "#voxels_atlas" },
				"south": { "uv": [ 4.75, 12.75, 6.25, 13 ], "texture": "#voxels_atlas" },
				"west": { "uv": [ 4, 2.5, 4.25, 2.75 ], "texture": "#voxels_atlas" },
				"east": { "uv": [ 4.25, 3.75, 4, 4 ], "texture": "#voxels_atlas" }
			}
		},
		{
			"__comment": "Voxels",
			"from": [ 6.5, 1, 6.5 ],
			"to": [ 9.5, 1.5, 7 ],
			"faces": {
				"down": { "uv": [ 7.75, 12.75, 9.25, 13 ], "texture": "#voxels_atlas" },
				"up": { "uv": [ 9.25, 13, 10.75, 12.75 ], "texture": "#voxels_atlas" },
				"north": { "uv": [ 6, 12.25, 4.5, 12.5 ], "texture": "#voxels_atlas" },
				"south": { "uv": [ 6.25, 12.75, 7.75, 13 ], "texture": "#voxels_atlas" },
				"west": { "uv": [ 4.75, 4.25, 5, 4.5 ], "texture": "#voxels_atlas" },
				"east": { "uv": [ 5, 4.5, 4.75, 4.75 ], "texture": "#voxels_atlas" }
			}
		},
		{
			"__comment": "Voxels",
			"from": [ 6.5, 1, 9 ],
			"to": [ 9.5, 1.5, 9.5 ],
			"faces": {
				"down": { "uv": [ 10.5, 12.5, 12, 12.75 ], "texture": "#voxels_atlas" },
				"up": { "uv": [ 12, 12.75, 13.5, 12.5 ], "texture": "#voxels_atlas" },
				"north": { "uv": [ 9, 12, 7.5, 12.25 ], "texture": "#voxels_atlas" },
				"south": { "uv": [ 9, 12, 10.5, 12.25 ], "texture": "#voxels_atlas" },
				"west": { "uv": [ 4.75, 4.75, 5, 5 ], "texture": "#voxels_atlas" },
				"east": { "uv": [ 4.25, 2, 4, 2.25 ], "texture": "#voxels_atlas" }
			}
		},
		{
			"__comment": "Voxels",
			"from": [ 7, 0, -1.5 ],
			"to": [ 9.5, 0.5, 2.5 ],
			"faces": {
				"down": { "uv": [ 0, 10.75, 1.25, 12.75 ], "texture": "#voxels_atlas" },
				"up": { "uv": [ 0, 10.75, 1.25, 8.75 ], "texture": "#voxels_atlas" },
				"north": { "uv": [ 4.25, 10.5, 3, 10.75 ], "texture": "#voxels_atlas" },
				"south": { "uv": [ 12, 11.75, 13.25, 12 ], "texture": "#voxels_atlas" },
				"west": { "uv": [ 4.25, 13.25, 6.25, 13.5 ], "texture": "#voxels_atlas" },
				"east": { "uv": [ 8.25, 13.5, 6.25, 13.75 ], "texture": "#voxels_atlas" }
			}
		},
		{
			"__comment": "Voxels",
			"from": [ 7, 0, 2.5 ],
			"to": [ 9, 0.5, 4.5 ],
			"faces": {
				"down": { "uv": [ 0, 3.75, 1, 4.75 ], "texture": "#voxels_atlas" },
				"up": { "uv": [ 0, 3.75, 1, 2.75 ], "texture": "#voxels_atlas" },
				"north": { "uv": [ 16, 14.75, 15, 15 ], "texture": "#voxels_atlas" },
				"south": { "uv": [ 15, 12.5, 16, 12.75 ], "texture": "#voxels_atlas" },
				"west": { "uv": [ 15, 12.25, 16, 12.5 ], "texture": "#voxels_atlas" },
				"east": { "uv": [ 16, 12, 15, 12.25 ], "texture": "#voxels_atlas" }
			}
		},
		{
			"__comment": "Voxels",
			"from": [ 7, 0, 10 ],
			"to": [ 11, 0.5, 10.5 ],
			"faces": {
				"down": { "uv": [ 6.25, 13.25, 8.25, 13.5 ], "texture": "#voxels_atlas" },
				"up": { "uv": [ 11.25, 13.25, 13.25, 13 ], "texture": "#voxels_atlas" },
				"north": { "uv": [ 9.25, 13, 7.25, 13.25 ], "texture": "#voxels_atlas" },
				"south": { "uv": [ 5.25, 13, 7.25, 13.25 ], "texture": "#voxels_atlas" },
				"west": { "uv": [ 5, 9.5, 5.25, 9.75 ], "texture": "#voxels_atlas" },
				"east": { "uv": [ 16, 11.75, 15.75, 12 ], "texture": "#voxels_atlas" }
			}
		},
		{
			"__comment": "Voxels",
			"from": [ 7, 0, 11.5 ],
			"to": [ 9, 0.5, 13.5 ],
			"faces": {
				"down": { "uv": [ 10, 15, 11, 16 ], "texture": "#voxels_atlas" },
				"up": { "uv": [ 15, 16, 16, 15 ], "texture": "#voxels_atlas" },
				"north": { "uv": [ 4, 3.75, 3, 4 ], "texture": "#voxels_atlas" },
				"south": { "uv": [ 3, 3.5, 4, 3.75 ], "texture": "#voxels_atlas" },
				"west": { "uv": [ 3, 3.25, 4, 3.5 ], "texture": "#voxels_atlas" },
				"east": { "uv": [ 4, 3, 3, 3.25 ], "texture": "#voxels_atlas" }
			}
		},
		{
			"__comment": "Voxels",
			"from": [ 7, 1, 6 ],
			"to": [ 9, 1.5, 6.5 ],
			"faces": {
				"down": { "uv": [ 3, 2.75, 4, 3 ], "texture": "#voxels_atlas" },
				"up": { "uv": [ 3, 2.75, 4, 2.5 ], "texture": "#voxels_atlas" },
				"north": { "uv": [ 4, 2.25, 3, 2.5 ], "texture": "#voxels_atlas" },
				"south": { "uv": [ 3, 2, 4, 2.25 ], "texture": "#voxels_atlas" },
				"west": { "uv": [ 4.75, 0.75, 5, 1 ], "texture": "#voxels_atlas" },
				"east": { "uv": [ 5, 0.5, 4.75, 0.75 ], "texture": "#voxels_atlas" }
			}
		},
		{
			"__comment": "Voxels",
			"from": [ 7, 1, 9.5 ],
			"to": [ 9, 1.5, 10 ],
			"faces": {
				"down": { "uv": [ 3, 1.75, 4, 2 ], "texture": "#voxels_atlas" },
				"up": { "uv": [ 3, 1.75, 4, 1.5 ], "texture": "#voxels_atlas" },
				"north": { "uv": [ 4, 1.25, 3, 1.5 ], "texture": "#voxels_atlas" },
				"south": { "uv": [ 3, 1, 4, 1.25 ], "texture": "#voxels_atlas" },
				"west": { "uv": [ 11.75, 10.5, 12, 10.75 ], "texture": "#voxels_atlas" },
				"east": { "uv": [ 16, 14, 15.75, 14.25 ], "texture": "#voxels_atlas" }
			}
		},
		{
			"__comment": "Voxels",
			"from": [ 7.5, 0, 4.5 ],
			"to": [ 8.5, 0.5, 5.5 ],
			"faces": {
				"down": { "uv": [ 0.75, 0.25, 1.25, 0.75 ], "texture": "#voxels_atlas" },
				"up": { "uv": [ 15.5, 14.75, 16, 14.25 ], "texture": "#voxels_atlas" },
				"north": { "uv": [ 4.75, 8, 4.25, 8.25 ], "texture": "#voxels_atlas" },
				"south": { "uv": [ 4.25, 1, 4.75, 1.25 ], "texture": "#voxels_atlas" },
				"west": { "uv": [ 4.5, 7.75, 5, 8 ], "texture": "#voxels_atlas" },
				"east": { "uv": [ 5, 7.5, 4.5, 7.75 ], "texture": "#voxels_atlas" }
			}
		},
		{
			"__comment": "Voxels",
			"from": [ 7.5, 0, 10.5 ],
			"to": [ 8.5, 0.5, 11.5 ],
			"faces": {
				"down": { "uv": [ 3, 0.5, 3.5, 1 ], "texture": "#voxels_atlas" },
				"up": { "uv": [ 3, 0.5, 3.5, 0 ], "texture": "#voxels_atlas" },
				"north": { "uv": [ 5, 7, 4.5, 7.25 ], "texture": "#voxels_atlas" },
				"south": { "uv": [ 4.25, 6.75, 4.75, 7 ], "texture": "#voxels_atlas" },
				"west": { "uv": [ 4.25, 6.5, 4.75, 6.75 ], "texture": "#voxels_atlas" },
				"east": { "uv": [ 4.75, 6.25, 4.25, 6.5 ], "texture": "#voxels_atlas" }
			}
		},
		{
			"__comment": "Voxels",
			"from": [ 7.5, 0.5, 5.5 ],
			"to": [ 8.5, 1, 6 ],
			"faces": {
				"down": { "uv": [ 4.25, 6, 4.75, 6.25 ], "texture": "#voxels_atlas" },
				"up": { "uv": [ 4.25, 6, 4.75, 5.75 ], "texture": "#voxels_atlas" },
				"north": { "uv": [ 4.75, 5.5, 4.25, 5.75 ], "texture": "#voxels_atlas" },
				"south": { "uv": [ 4.25, 3.25, 4.75, 3.5 ], "texture": "#voxels_atlas" },
				"west": { "uv": [ 4, 3.5, 4.25, 3.75 ], "texture": "#voxels_atlas" },
				"east": { "uv": [ 4.25, 3.25, 4, 3.5 ], "texture": "#voxels_atlas" }
			}
		},
		{
			"__comment": "Voxels",
			"from": [ 7.5, 0.5, 10 ],
			"to": [ 8.5, 1, 10.5 ],
			"faces": {
				"down": { "uv": [ 4.25, 1.75, 4.75, 2 ], "texture": "#voxels_atlas" },
				"up": { "uv": [ 4.25, 1, 4.75, 0.75 ], "texture": "#voxels_atlas" },
				"north": { "uv": [ 4.75, 0.5, 4.25, 0.75 ], "texture": "#voxels_atlas" },
				"south": { "uv": [ 4.25, 0.25, 4.75, 0.5 ], "texture": "#voxels_atlas" },
				"west": { "uv": [ 4, 3, 4.25, 3.25 ], "texture": "#voxels_atlas" },
				"east": { "uv": [ 4.25, 2.75, 4, 3 ], "texture": "#voxels_atlas" }
			}
		},
		{
			"__comment": "Voxels",
			"from": [ 9, 0, 6 ],
			"to": [ 11, 0.5, 6.5 ],
			"faces": {
				"down": { "uv": [ 4.25, 11.5, 5.25, 11.75 ], "texture": "#voxels_atlas" },
				"up": { "uv": [ 10, 15, 11, 14.75 ], "texture": "#voxels_atlas" },
				"north": { "uv": [ 6.25, 11.5, 5.25, 11.75 ], "texture": "#voxels_atlas" },
				"south": { "uv": [ 7.25, 11.5, 8.25, 11.75 ], "texture": "#voxels_atlas" },
				"west": { "uv": [ 4, 1.75, 4.25, 2 ], "texture": "#voxels_atlas" },
				"east": { "uv": [ 4.25, 1.5, 4, 1.75 ], "texture": "#voxels_atlas" }
			}
		},
		{
			"__comment": "Voxels",
			"from": [ 9, 0, 9.5 ],
			"to": [ 10.5, 0.5, 10 ],
			"faces": {
				"down": { "uv": [ 15.25, 11.5, 16, 11.75 ], "texture": "#voxels_atlas" },
				"up": { "uv": [ 15.25, 11.5, 16, 11.25 ], "texture": "#voxels_atlas" },
				"north": { "uv": [ 16, 13, 15.25, 13.25 ], "texture": "#voxels_atlas" },
				"south": { "uv": [ 15.25, 12.75, 16, 13 ], "texture": "#voxels_atlas" },
				"west": { "uv": [ 4, 1.25, 4.25, 1.5 ], "texture": "#voxels_atlas" },
				"east": { "uv": [ 4.25, 1, 4, 1.25 ], "texture": "#voxels_atlas" }
			}
		},
		{
			"__comment": "Voxels",
			"from": [ 9.5, 0, 5.5 ],
			"to": [ 12, 0.5, 6 ],
			"faces": {
				"down": { "uv": [ 3, 9, 4.25, 9.25 ], "texture": "#voxels_atlas" },
				"up": { "uv": [ 3, 7, 4.25, 6.75 ], "texture": "#voxels_atlas" },
				"north": { "uv": [ 4.25, 6.5, 3, 6.75 ], "texture": "#voxels_atlas" },
				"south": { "uv": [ 3, 5, 4.25, 5.25 ], "texture": "#voxels_atlas" },
				"west": { "uv": [ 4.75, 8.25, 5, 8.5 ], "texture": "#voxels_atlas" },
				"east": { "uv": [ 5, 8, 4.75, 8.25 ], "texture": "#voxels_atlas" }
			}
		},
		{
			"__comment": "Voxels",
			"from": [ 9.5, 0, 6.5 ],
			"to": [ 10.5, 0.5, 7 ],
			"faces": {
				"down": { "uv": [ 4.5, 8.75, 5, 9 ], "texture": "#voxels_atlas" },
				"up": { "uv": [ 4.5, 8.75, 5, 8.5 ], "texture": "#voxels_atlas" },
				"north": { "uv": [ 5, 7.25, 4.5, 7.5 ], "texture": "#voxels_atlas" },
				"south": { "uv": [ 4.25, 2.25, 4.75, 2.5 ], "texture": "#voxels_atlas" },
				"west": { "uv": [ 4.75, 6.75, 5, 7 ], "texture": "#voxels_atlas" },
				"east": { "uv": [ 5, 6.5, 4.75, 6.75 ], "texture": "#voxels_atlas" }
			}
		},
		{
			"__comment": "Voxels",
			"from": [ 9.5, 0, 9 ],
			"to": [ 10, 0.5, 9.5 ],
			"faces": {
				"down": { "uv": [ 4.75, 6.25, 5, 6.5 ], "texture": "#voxels_atlas" },
				"up": { "uv": [ 4.75, 6.25, 5, 6 ], "texture": "#voxels_atlas" },
				"north": { "uv": [ 5, 5.75, 4.75, 6 ], "texture": "#voxels_atlas" },
				"south": { "uv": [ 4.75, 5.5, 5, 5.75 ], "texture": "#voxels_atlas" },
				"west": { "uv": [ 4.75, 5.25, 5, 5.5 ], "texture": "#voxels_atlas" },
				"east": { "uv": [ 5, 5, 4.75, 5.25 ], "texture": "#voxels_atlas" }
			}
		},
		{
			"__comment": "Voxels",
			"from": [ 9.5, 0, 10.5 ],
			"to": [ 11.5, 0.5, 11 ],
			"faces": {
				"down": { "uv": [ 8.25, 11.5, 9.25, 11.75 ], "texture": "#voxels_atlas" },
				"up": { "uv": [ 9.25, 11.75, 10.25, 11.5 ], "texture": "#voxels_atlas" },
				"north": { "uv": [ 11.25, 11.5, 10.25, 11.75 ], "texture": "#voxels_atlas" },
				"south": { "uv": [ 11.25, 11.5, 12.25, 11.75 ], "texture": "#voxels_atlas" },
				"west": { "uv": [ 4.75, 4, 5, 4.25 ], "texture": "#voxels_atlas" },
				"east": { "uv": [ 5, 3.25, 4.75, 3.5 ], "texture": "#voxels_atlas" }
			}
		},
		{
			"__comment": "Voxels",
			"from": [ 9.5, 0.5, 6.5 ],
			"to": [ 10, 1, 7 ],
			"faces": {
				"down": { "uv": [ 4.75, 3, 5, 3.25 ], "texture": "#voxels_atlas" },
				"up": { "uv": [ 4.75, 3, 5, 2.75 ], "texture": "#voxels_atlas" },
				"north": { "uv": [ 5, 2.5, 4.75, 2.75 ], "texture": "#voxels_atlas" },
				"south": { "uv": [ 4.75, 2.25, 5, 2.5 ], "texture": "#voxels_atlas" },
				"west": { "uv": [ 4.75, 2, 5, 2.25 ], "texture": "#voxels_atlas" },
				"east": { "uv": [ 5, 1.75, 4.75, 2 ], "texture": "#voxels_atlas" }
			}
		},
		{
			"__comment": "Voxels",
			"from": [ 10, 0, 5 ],
			"to": [ 13, 0.5, 5.5 ],
			"faces": {
				"down": { "uv": [ 10.5, 12.25, 12, 12.5 ], "texture": "#voxels_atlas" },
				"up": { "uv": [ 9, 12.5, 10.5, 12.25 ], "texture": "#voxels_atlas" },
				"north": { "uv": [ 9, 12.25, 7.5, 12.5 ], "texture": "#voxels_atlas" },
				"south": { "uv": [ 6, 12.25, 7.5, 12.5 ], "texture": "#voxels_atlas" },
				"west": { "uv": [ 4.75, 1.25, 5, 1.5 ], "texture": "#voxels_atlas" },
				"east": { "uv": [ 5, 1, 4.75, 1.25 ], "texture": "#voxels_atlas" }
			}
		},
		{
			"__comment": "Voxels",
			"from": [ 10, 0, 7 ],
			"to": [ 10.5, 0.5, 9 ],
			"faces": {
				"down": { "uv": [ 1, 5.75, 1.25, 6.75 ], "texture": "#voxels_atlas" },
				"up": { "uv": [ 1, 5.75, 1.25, 4.75 ], "texture": "#voxels_atlas" },
				"north": { "uv": [ 5, 0.25, 4.75, 0.5 ], "texture": "#voxels_atlas" },
				"south": { "uv": [ 4.75, 0, 5, 0.25 ], "texture": "#voxels_atlas" },
				"west": { "uv": [ 12.25, 11.5, 13.25, 11.75 ], "texture": "#voxels_atlas" },
				"east": { "uv": [ 14.25, 11.5, 13.25, 11.75 ], "texture": "#voxels_atlas" }
			}
		},
		{
			"__comment": "Voxels",
			"from": [ 10, 0, 11 ],
			"to": [ 12, 0.5, 12 ],
			"faces": {
				"down": { "uv": [ 0, 1.25, 1, 1.75 ], "texture": "#voxels_atlas" },
				"up": { "uv": [ 0, 1.25, 1, 0.75 ], "texture": "#voxels_atlas" },
				"north": { "uv": [ 15.25, 11.5, 14.25, 11.75 ], "texture": "#voxels_atlas" },
				"south": { "uv": [ 4.25, 11.25, 5.25, 11.5 ], "texture": "#voxels_atlas" },
				"west": { "uv": [ 5.25, 10.75, 5.75, 11 ], "texture": "#voxels_atlas" },
				"east": { "uv": [ 1.25, 0, 0.75, 0.25 ], "texture": "#voxels_atlas" }
			}
		},
		{
			"__comment": "Voxels",
			"from": [ 10.5, 0, 4.5 ],
			"to": [ 14, 0.5, 5 ],
			"faces": {
				"down": { "uv": [ 1.25, 0.5, 3, 0.75 ], "texture": "#voxels_atlas" },
				"up": { "uv": [ 1.25, 1, 3, 0.75 ], "texture": "#voxels_atlas" },
				"north": { "uv": [ 3, 1, 1.25, 1.25 ], "texture": "#voxels_atlas" },
				"south": { "uv": [ 1.25, 1.25, 3, 1.5 ], "texture": "#voxels_atlas" },
				"west": { "uv": [ 5, 8.75, 5.25, 9 ], "texture": "#voxels_atlas" },
				"east": { "uv": [ 5.25, 8.5, 5, 8.75 ], "texture": "#voxels_atlas" }
			}
		},
		{
			"__comment": "Voxels",
			"from": [ 10.5, 0, 7.5 ],
			"to": [ 17.5, 0.5, 8.5 ],
			"faces": {
				"down": { "uv": [ 4, 15.5, 7.5, 16 ], "texture": "#voxels_atlas" },
				"up": { "uv": [ 4, 15.5, 7.5, 15 ], "texture": "#voxels_atlas" },
				"north": { "uv": [ 8.75, 14.5, 5.25, 14.75 ], "texture": "#voxels_atlas" },
				"south": { "uv": [ 4, 14.75, 7.5, 15 ], "texture": "#voxels_atlas" },
				"west": { "uv": [ 4.25, 4.25, 4.75, 4.5 ], "texture": "#voxels_atlas" },
				"east": { "uv": [ 4.75, 4, 4.25, 4.25 ], "texture": "#voxels_atlas" }
			}
		},
		{
			"__comment": "Voxels",
			"from": [ 10.5, 0, 12 ],
			"to": [ 13, 0.5, 13 ],
			"faces": {
				"down": { "uv": [ 0, 1.75, 1.25, 2.25 ], "texture": "#voxels_atlas" },
				"up": { "uv": [ 0, 2.75, 1.25, 2.25 ], "texture": "#voxels_atlas" },
				"north": { "uv": [ 4.25, 4.5, 3, 4.75 ], "texture": "#voxels_atlas" },
				"south": { "uv": [ 3, 5.25, 4.25, 5.5 ], "texture": "#voxels_atlas" },
				"west": { "uv": [ 5.75, 10.75, 6.25, 11 ], "texture": "#voxels_atlas" },
				"east": { "uv": [ 4.75, 3, 4.25, 3.25 ], "texture": "#voxels_atlas" }
			}
		},
		{
			"__comment": "Voxels",
			"from": [ 11, 0, 4 ],
			"to": [ 14.5, 0.5, 4.5 ],
			"faces": {
				"down": { "uv": [ 1.25, 1.5, 3, 1.75 ], "texture": "#voxels_atlas" },
				"up": { "uv": [ 1.25, 2, 3, 1.75 ], "texture": "#voxels_atlas" },
				"north": { "uv": [ 3, 2, 1.25, 2.25 ], "texture": "#voxels_atlas" },
				"south": { "uv": [ 1.25, 2.25, 3, 2.5 ], "texture": "#voxels_atlas" },
				"west": { "uv": [ 5, 4.25, 5.25, 4.5 ], "texture": "#voxels_atlas" },
				"east": { "uv": [ 5.25, 4, 5, 4.25 ], "texture": "#voxels_atlas" }
			}
		},
		{
			"__comment": "Voxels",
			"from": [ 11, 0, 13 ],
			"to": [ 14, 0.5, 14 ],
			"faces": {
				"down": { "uv": [ 1.25, 13.25, 2.75, 13.75 ], "texture": "#voxels_atlas" },
				"up": { "uv": [ 2.75, 13.75, 4.25, 13.25 ], "texture": "#voxels_atlas" },
				"north": { "uv": [ 6, 12.5, 4.5, 12.75 ], "texture": "#voxels_atlas" },
				"south": { "uv": [ 3, 12.5, 4.5, 12.75 ], "texture": "#voxels_atlas" },
				"west": { "uv": [ 4.25, 2.75, 4.75, 3 ], "texture": "#voxels_atlas" },
				"east": { "uv": [ 4.75, 2.5, 4.25, 2.75 ], "texture": "#voxels_atlas" }
			}
		},
		{
			"__comment": "Voxels",
			"from": [ 11.5, 0, 3.5 ],
			"to": [ 15, 0.5, 4 ],
			"faces": {
				"down": { "uv": [ 1.25, 2.5, 3, 2.75 ], "texture": "#voxels_atlas" },
				"up": { "uv": [ 1.25, 3, 3, 2.75 ], "texture": "#voxels_atlas" },
				"north": { "uv": [ 3, 3, 1.25, 3.25 ], "texture": "#voxels_atlas" },
				"south": { "uv": [ 1.25, 3.25, 3, 3.5 ], "texture": "#voxels_atlas" },
				"west": { "uv": [ 5, 1.25, 5.25, 1.5 ], "texture": "#voxels_atlas" },
				"east": { "uv": [ 5.25, 1, 5, 1.25 ], "texture": "#voxels_atlas" }
			}
		},
		{
			"__comment": "Voxels",
			"from": [ 11.5, 0, 7 ],
			"to": [ 17.5, 0.5, 7.5 ],
			"faces": {
				"down": { "uv": [ 5.25, 14.25, 8.25, 14.5 ], "texture": "#voxels_atlas" },
				"up": { "uv": [ 11.75, 14.75, 14.75, 14.5 ], "texture": "#voxels_atlas" },
				"north": { "uv": [ 4.25, 13.75, 1.25, 14 ], "texture": "#voxels_atlas" },
				"south": { "uv": [ 7.25, 14, 10.25, 14.25 ], "texture": "#voxels_atlas" },
				"west": { "uv": [ 6.25, 10.75, 6.5, 11 ], "texture": "#voxels_atlas" },
				"east": { "uv": [ 6.75, 10.75, 6.5, 11 ], "texture": "#voxels_atlas" }
			}
		},
		{
			"__comment": "Voxels",
			"from": [ 11.5, 0, 8.5 ],
			"to": [ 17.5, 0.5, 9 ],
			"faces": {
				"down": { "uv": [ 11.75, 14.25, 14.75, 14.5 ], "texture": "#voxels_atlas" },
				"up": { "uv": [ 1.25, 14.25, 4.25, 14 ], "texture": "#voxels_atlas" },
				"north": { "uv": [ 7.25, 14, 4.25, 14.25 ], "texture": "#voxels_atlas" },
				"south": { "uv": [ 10.25, 14, 13.25, 14.25 ], "texture": "#voxels_atlas" },
				"west": { "uv": [ 7.75, 10.75, 8, 11 ], "texture": "#voxels_atlas" },
				"east": { "uv": [ 8.25, 10.75, 8, 11 ], "texture": "#voxels_atlas" }
			}
		},
		{
			"__comment": "Voxels",
			"from": [ 11.5, 0, 14 ],
			"to": [ 15, 0.5, 14.5 ],
			"faces": {
				"down": { "uv": [ 1.25, 3.5, 3, 3.75 ], "texture": "#voxels_atlas" },
				"up": { "uv": [ 1.25, 4, 3, 3.75 ], "texture": "#voxels_atlas" },
				"north": { "uv": [ 3, 4, 1.25, 4.25 ], "texture": "#voxels_atlas" },
				"south": { "uv": [ 1.25, 4.25, 3, 4.5 ], "texture": "#voxels_atlas" },
				"west": { "uv": [ 9.25, 10.75, 9.5, 11 ], "texture": "#voxels_atlas" },
				"east": { "uv": [ 9.75, 10.75, 9.5, 11 ], "texture": "#voxels_atlas" }
			}
		},
		{
			"__comment": "Voxels",
			"from": [ 12, 0, 3 ],
			"to": [ 15.5, 0.5, 3.5 ],
			"faces": {
				"down": { "uv": [ 1.25, 4.5, 3, 4.75 ], "texture": "#voxels_atlas" },
				"up": { "uv": [ 1.25, 5, 3, 4.75 ], "texture": "#voxels_atlas" },
				"north": { "uv": [ 3, 7.5, 1.25, 7.75 ], "texture": "#voxels_atlas" },
				"south": { "uv": [ 1.25, 5, 3, 5.25 ], "texture": "#voxels_atlas" },
				"west": { "uv": [ 10.75, 10.75, 11, 11 ], "texture": "#voxels_atlas" },
				"east": { "uv": [ 11.25, 10.75, 11, 11 ], "texture": "#voxels_atlas" }
			}
		},
		{
			"__comment": "Voxels",
			"from": [ 12, 0, 11.5 ],
			"to": [ 12.5, 0.5, 12 ],
			"faces": {
				"down": { "uv": [ 11.25, 10.75, 11.5, 11 ], "texture": "#voxels_atlas" },
				"up": { "uv": [ 11.5, 11, 11.75, 10.75 ], "texture": "#voxels_atlas" },
				"north": { "uv": [ 12, 10.75, 11.75, 11 ], "texture": "#voxels_atlas" },
				"south": { "uv": [ 12, 10.75, 12.25, 11 ], "texture": "#voxels_atlas" },
				"west": { "uv": [ 12.25, 10.75, 12.5, 11 ], "texture": "#voxels_atlas" },
				"east": { "uv": [ 12.75, 10.75, 12.5, 11 ], "texture": "#voxels_atlas" }
			}
		},
		{
			"__comment": "Voxels",
			"from": [ 12, 0, 14.5 ],
			"to": [ 14.5, 0.5, 15 ],
			"faces": {
				"down": { "uv": [ 3, 7, 4.25, 7.25 ], "texture": "#voxels_atlas" },
				"up": { "uv": [ 3, 6, 4.25, 5.75 ], "texture": "#voxels_atlas" },
				"north": { "uv": [ 4.25, 6, 3, 6.25 ], "texture": "#voxels_atlas" },
				"south": { "uv": [ 3, 10.25, 4.25, 10.5 ], "texture": "#voxels_atlas" },
				"west": { "uv": [ 13.75, 10.75, 14, 11 ], "texture": "#voxels_atlas" },
				"east": { "uv": [ 14.25, 10.75, 14, 11 ], "texture": "#voxels_atlas" }
			}
		},
		{
			"__comment": "Voxels",
			"from": [ 12.5, 0, 2.5 ],
			"to": [ 16, 0.5, 3 ],
			"faces": {
				"down": { "uv": [ 1.25, 5.25, 3, 5.5 ], "texture": "#voxels_atlas" },
				"up": { "uv": [ 1.25, 6, 3, 5.75 ], "texture": "#voxels_atlas" },
				"north": { "uv": [ 3, 6, 1.25, 6.25 ], "texture": "#voxels_atlas" },
				"south": { "uv": [ 1.25, 6.25, 3, 6.5 ], "texture": "#voxels_atlas" },
				"west": { "uv": [ 15.25, 10.75, 15.5, 11 ], "texture": "#voxels_atlas" },
				"east": { "uv": [ 15.75, 10.75, 15.5, 11 ], "texture": "#voxels_atlas" }
			}
		},
		{
			"__comment": "Voxels",
			"from": [ 12.5, 0, 15 ],
			"to": [ 14, 0.5, 15.5 ],
			"faces": {
				"down": { "uv": [ 4.25, 10.5, 5, 10.75 ], "texture": "#voxels_atlas" },
				"up": { "uv": [ 4.25, 10.5, 5, 10.25 ], "texture": "#voxels_atlas" },
				"north": { "uv": [ 5, 10, 4.25, 10.25 ], "texture": "#voxels_atlas" },
				"south": { "uv": [ 4.25, 9.75, 5, 10 ], "texture": "#voxels_atlas" },
				"west": { "uv": [ 6, 10.5, 6.25, 10.75 ], "texture": "#voxels_atlas" },
				"east": { "uv": [ 6.5, 10.5, 6.25, 10.75 ], "texture": "#voxels_atlas" }
			}
		},
		{
			"__comment": "Voxels",
			"from": [ 13, 0, 2 ],
			"to": [ 15.5, 0.5, 2.5 ],
			"faces": {
				"down": { "uv": [ 3, 11.5, 4.25, 11.75 ], "texture": "#voxels_atlas" },
				"up": { "uv": [ 3, 11.5, 4.25, 11.25 ], "texture": "#voxels_atlas" },
				"north": { "uv": [ 4.25, 11, 3, 11.25 ], "texture": "#voxels_atlas" },
				"south": { "uv": [ 3, 10.75, 4.25, 11 ], "texture": "#voxels_atlas" },
				"west": { "uv": [ 7.5, 10.5, 7.75, 10.75 ], "texture": "#voxels_atlas" },
				"east": { "uv": [ 8, 10.5, 7.75, 10.75 ], "texture": "#voxels_atlas" }
			}
		},
		{
			"__comment": "Voxels",
			"from": [ 13, 0, 12.5 ],
			"to": [ 13.5, 0.5, 13 ],
			"faces": {
				"down": { "uv": [ 8, 10.5, 8.25, 10.75 ], "texture": "#voxels_atlas" },
				"up": { "uv": [ 8.25, 10.75, 8.5, 10.5 ], "texture": "#voxels_atlas" },
				"north": { "uv": [ 8.75, 10.5, 8.5, 10.75 ], "texture": "#voxels_atlas" },
				"south": { "uv": [ 8.75, 10.5, 9, 10.75 ], "texture": "#voxels_atlas" },
				"west": { "uv": [ 9, 10.5, 9.25, 10.75 ], "texture": "#voxels_atlas" },
				"east": { "uv": [ 9.5, 10.5, 9.25, 10.75 ], "texture": "#voxels_atlas" }
			}
		},
		{
			"__comment": "Voxels",
			"from": [ 13, 0, 15.5 ],
			"to": [ 13.5, 0.5, 16 ],
			"faces": {
				"down": { "uv": [ 9.5, 10.5, 9.75, 10.75 ], "texture": "#voxels_atlas" },
				"up": { "uv": [ 9.75, 10.75, 10, 10.5 ], "texture": "#voxels_atlas" },
				"north": { "uv": [ 10.25, 10.5, 10, 10.75 ], "texture": "#voxels_atlas" },
				"south": { "uv": [ 10.25, 10.5, 10.5, 10.75 ], "texture": "#voxels_atlas" },
				"west": { "uv": [ 10.5, 10.5, 10.75, 10.75 ], "texture": "#voxels_atlas" },
				"east": { "uv": [ 11, 10.5, 10.75, 10.75 ], "texture": "#voxels_atlas" }
			}
		},
		{
			"__comment": "Voxels",
			"from": [ 13.5, 0, 1.5 ],
			"to": [ 15, 0.5, 2 ],
			"faces": {
				"down": { "uv": [ 4.25, 9.5, 5, 9.75 ], "texture": "#voxels_atlas" },
				"up": { "uv": [ 4.25, 9.5, 5, 9.25 ], "texture": "#voxels_atlas" },
				"north": { "uv": [ 5, 9, 4.25, 9.25 ], "texture": "#voxels_atlas" },
				"south": { "uv": [ 9.25, 11, 10, 11.25 ], "texture": "#voxels_atlas" },
				"west": { "uv": [ 12, 10.5, 12.25, 10.75 ], "texture": "#voxels_atlas" },
				"east": { "uv": [ 12.5, 10.5, 12.25, 10.75 ], "texture": "#voxels_atlas" }
			}
		},
		{
			"__comment": "Voxels",
			"from": [ 13.5, 0, 9 ],
			"to": [ 17.5, 0.5, 9.5 ],
			"faces": {
				"down": { "uv": [ 12.25, 13.5, 14.25, 13.75 ], "texture": "#voxels_atlas" },
				"up": { "uv": [ 10.25, 13.5, 12.25, 13.25 ], "texture": "#voxels_atlas" },
				"north": { "uv": [ 12.25, 13.5, 10.25, 13.75 ], "texture": "#voxels_atlas" },
				"south": { "uv": [ 6.25, 13.75, 8.25, 14 ], "texture": "#voxels_atlas" },
				"west": { "uv": [ 13.5, 10.5, 13.75, 10.75 ], "texture": "#voxels_atlas" },
				"east": { "uv": [ 14, 10.5, 13.75, 10.75 ], "texture": "#voxels_atlas" }
			}
		},
		{
			"__comment": "Voxels",
			"from": [ 14, 0, 1 ],
			"to": [ 14.5, 0.5, 1.5 ],
			"faces": {
				"down": { "uv": [ 14, 10.5, 14.25, 10.75 ], "texture": "#voxels_atlas" },
				"up": { "uv": [ 14.25, 10.75, 14.5, 10.5 ], "texture": "#voxels_atlas" },
				"north": { "uv": [ 14.75, 10.5, 14.5, 10.75 ], "texture": "#voxels_atlas" },
				"south": { "uv": [ 14.75, 10.5, 15, 10.75 ], "texture": "#voxels_atlas" },
				"west": { "uv": [ 15, 10.5, 15.25, 10.75 ], "texture": "#voxels_atlas" },
				"east": { "uv": [ 15.5, 10.5, 15.25, 10.75 ], "texture": "#voxels_atlas" }
			}
		},
		{
			"__comment": "Voxels",
			"from": [ 14, 0, 13.5 ],
			"to": [ 14.5, 0.5, 14 ],
			"faces": {
				"down": { "uv": [ 15.5, 10.5, 15.75, 10.75 ], "texture": "#voxels_atlas" },
				"up": { "uv": [ 15.75, 10.75, 16, 10.5 ], "texture": "#voxels_atlas" },
				"north": { "uv": [ 5.5, 10.25, 5.25, 10.5 ], "texture": "#voxels_atlas" },
				"south": { "uv": [ 5.25, 10, 5.5, 10.25 ], "texture": "#voxels_atlas" },
				"west": { "uv": [ 5.25, 9.75, 5.5, 10 ], "texture": "#voxels_atlas" },
				"east": { "uv": [ 5.5, 9.5, 5.25, 9.75 ], "texture": "#voxels_atlas" }
			}
		}
	],
	"display": {
		"head": {
			"scale":  [ 4, 4, 4 ]
		}
	}
}